--
-- PostgreSQL database dump
--

-- Dumped from database version 13.2
-- Dumped by pg_dump version 13.2

-- Started on 2021-06-01 22:42:53

SET statement_timeout = 0;
SET lock_timeout = 0;
SET idle_in_transaction_session_timeout = 0;
SET client_encoding = 'UTF8';
SET standard_conforming_strings = on;
SELECT pg_catalog.set_config('search_path', '', false);
SET check_function_bodies = false;
SET xmloption = content;
SET client_min_messages = warning;
SET row_security = off;

SET default_tablespace = '';

SET default_table_access_method = heap;

--
-- TOC entry 207 (class 1259 OID 57898)
-- Name: carreras; Type: TABLE; Schema: public; Owner: postgres
--

CREATE TABLE public.carreras (
    cod_carrera numeric(10,0) NOT NULL,
    nombre character varying(100),
    id_sede integer NOT NULL
);


ALTER TABLE public.carreras OWNER TO postgres;

--
-- TOC entry 206 (class 1259 OID 57896)
-- Name: carreras_id_sede_seq; Type: SEQUENCE; Schema: public; Owner: postgres
--

CREATE SEQUENCE public.carreras_id_sede_seq
    AS integer
    START WITH 1
    INCREMENT BY 1
    NO MINVALUE
    NO MAXVALUE
    CACHE 1;


ALTER TABLE public.carreras_id_sede_seq OWNER TO postgres;

--
-- TOC entry 3123 (class 0 OID 0)
-- Dependencies: 206
-- Name: carreras_id_sede_seq; Type: SEQUENCE OWNED BY; Schema: public; Owner: postgres
--

ALTER SEQUENCE public.carreras_id_sede_seq OWNED BY public.carreras.id_sede;


--
-- TOC entry 209 (class 1259 OID 57914)
-- Name: comodatarios; Type: TABLE; Schema: public; Owner: postgres
--

CREATE TABLE public.comodatarios (
    cedula numeric(11,0) NOT NULL,
    codigo numeric(15,0),
    nombre character varying(50),
    cod_carrera numeric(10,0)
);


ALTER TABLE public.comodatarios OWNER TO postgres;

--
-- TOC entry 212 (class 1259 OID 57930)
-- Name: equipos; Type: TABLE; Schema: public; Owner: postgres
--

CREATE TABLE public.equipos (
    qr numeric(10,0) NOT NULL,
    garantia date,
    sn character varying(30),
    sn_disco1 character varying(30),
    sn_disco2 character varying(30),
    id_lote integer NOT NULL,
    sede_responsable integer NOT NULL
);


ALTER TABLE public.equipos OWNER TO postgres;

--
-- TOC entry 210 (class 1259 OID 57926)
-- Name: equipos_id_lote_seq; Type: SEQUENCE; Schema: public; Owner: postgres
--

CREATE SEQUENCE public.equipos_id_lote_seq
    AS integer
    START WITH 1
    INCREMENT BY 1
    NO MINVALUE
    NO MAXVALUE
    CACHE 1;


ALTER TABLE public.equipos_id_lote_seq OWNER TO postgres;

--
-- TOC entry 3124 (class 0 OID 0)
-- Dependencies: 210
-- Name: equipos_id_lote_seq; Type: SEQUENCE OWNED BY; Schema: public; Owner: postgres
--

ALTER SEQUENCE public.equipos_id_lote_seq OWNED BY public.equipos.id_lote;


--
-- TOC entry 211 (class 1259 OID 57928)
-- Name: equipos_sede_responsable_seq; Type: SEQUENCE; Schema: public; Owner: postgres
--

CREATE SEQUENCE public.equipos_sede_responsable_seq
    AS integer
    START WITH 1
    INCREMENT BY 1
    NO MINVALUE
    NO MAXVALUE
    CACHE 1;


ALTER TABLE public.equipos_sede_responsable_seq OWNER TO postgres;

--
-- TOC entry 3125 (class 0 OID 0)
-- Dependencies: 211
-- Name: equipos_sede_responsable_seq; Type: SEQUENCE OWNED BY; Schema: public; Owner: postgres
--

ALTER SEQUENCE public.equipos_sede_responsable_seq OWNED BY public.equipos.sede_responsable;


--
-- TOC entry 208 (class 1259 OID 57909)
-- Name: funcionarios; Type: TABLE; Schema: public; Owner: postgres
--

CREATE TABLE public.funcionarios (
    cedula numeric(11,0) NOT NULL,
    nombre character varying(50)
);


ALTER TABLE public.funcionarios OWNER TO postgres;

--
-- TOC entry 201 (class 1259 OID 57867)
-- Name: lotes; Type: TABLE; Schema: public; Owner: postgres
--

CREATE TABLE public.lotes (
    id_lote integer NOT NULL,
    marca character varying(20),
    modelo character varying(50),
    cpu character varying(40),
    ram character varying(20),
    hdd character varying(30)
);


ALTER TABLE public.lotes OWNER TO postgres;

--
-- TOC entry 200 (class 1259 OID 57865)
-- Name: lotes_id_lote_seq; Type: SEQUENCE; Schema: public; Owner: postgres
--

CREATE SEQUENCE public.lotes_id_lote_seq
    AS integer
    START WITH 1
    INCREMENT BY 1
    NO MINVALUE
    NO MAXVALUE
    CACHE 1;


ALTER TABLE public.lotes_id_lote_seq OWNER TO postgres;

--
-- TOC entry 3126 (class 0 OID 0)
-- Dependencies: 200
-- Name: lotes_id_lote_seq; Type: SEQUENCE OWNED BY; Schema: public; Owner: postgres
--

ALTER SEQUENCE public.lotes_id_lote_seq OWNED BY public.lotes.id_lote;


--
-- TOC entry 218 (class 1259 OID 57959)
-- Name: prestamos; Type: TABLE; Schema: public; Owner: postgres
--

CREATE TABLE public.prestamos (
    id_prestamo integer NOT NULL,
    qr integer NOT NULL,
    dni_comodatario bigint NOT NULL,
    dni_funcionario integer NOT NULL,
    fecha_inicio date,
    fecha_fin date,
    lugar_prestamo integer NOT NULL,
    comodato character varying(150)
);


ALTER TABLE public.prestamos OWNER TO postgres;

--
-- TOC entry 215 (class 1259 OID 57953)
-- Name: prestamos_dni_comodatario_seq; Type: SEQUENCE; Schema: public; Owner: postgres
--

CREATE SEQUENCE public.prestamos_dni_comodatario_seq
    AS integer
    START WITH 1
    INCREMENT BY 1
    NO MINVALUE
    NO MAXVALUE
    CACHE 1;


ALTER TABLE public.prestamos_dni_comodatario_seq OWNER TO postgres;

--
-- TOC entry 3127 (class 0 OID 0)
-- Dependencies: 215
-- Name: prestamos_dni_comodatario_seq; Type: SEQUENCE OWNED BY; Schema: public; Owner: postgres
--

ALTER SEQUENCE public.prestamos_dni_comodatario_seq OWNED BY public.prestamos.dni_comodatario;


--
-- TOC entry 216 (class 1259 OID 57955)
-- Name: prestamos_dni_funcionario_seq; Type: SEQUENCE; Schema: public; Owner: postgres
--

CREATE SEQUENCE public.prestamos_dni_funcionario_seq
    AS integer
    START WITH 1
    INCREMENT BY 1
    NO MINVALUE
    NO MAXVALUE
    CACHE 1;


ALTER TABLE public.prestamos_dni_funcionario_seq OWNER TO postgres;

--
-- TOC entry 3128 (class 0 OID 0)
-- Dependencies: 216
-- Name: prestamos_dni_funcionario_seq; Type: SEQUENCE OWNED BY; Schema: public; Owner: postgres
--

ALTER SEQUENCE public.prestamos_dni_funcionario_seq OWNED BY public.prestamos.dni_funcionario;


--
-- TOC entry 213 (class 1259 OID 57949)
-- Name: prestamos_id_prestamo_seq; Type: SEQUENCE; Schema: public; Owner: postgres
--

CREATE SEQUENCE public.prestamos_id_prestamo_seq
    AS integer
    START WITH 1
    INCREMENT BY 1
    NO MINVALUE
    NO MAXVALUE
    CACHE 1;


ALTER TABLE public.prestamos_id_prestamo_seq OWNER TO postgres;

--
-- TOC entry 3129 (class 0 OID 0)
-- Dependencies: 213
-- Name: prestamos_id_prestamo_seq; Type: SEQUENCE OWNED BY; Schema: public; Owner: postgres
--

ALTER SEQUENCE public.prestamos_id_prestamo_seq OWNED BY public.prestamos.id_prestamo;


--
-- TOC entry 217 (class 1259 OID 57957)
-- Name: prestamos_lugar_prestamo_seq; Type: SEQUENCE; Schema: public; Owner: postgres
--

CREATE SEQUENCE public.prestamos_lugar_prestamo_seq
    AS integer
    START WITH 1
    INCREMENT BY 1
    NO MINVALUE
    NO MAXVALUE
    CACHE 1;


ALTER TABLE public.prestamos_lugar_prestamo_seq OWNER TO postgres;

--
-- TOC entry 3130 (class 0 OID 0)
-- Dependencies: 217
-- Name: prestamos_lugar_prestamo_seq; Type: SEQUENCE OWNED BY; Schema: public; Owner: postgres
--

ALTER SEQUENCE public.prestamos_lugar_prestamo_seq OWNED BY public.prestamos.lugar_prestamo;


--
-- TOC entry 214 (class 1259 OID 57951)
-- Name: prestamos_qr_seq; Type: SEQUENCE; Schema: public; Owner: postgres
--

CREATE SEQUENCE public.prestamos_qr_seq
    AS integer
    START WITH 1
    INCREMENT BY 1
    NO MINVALUE
    NO MAXVALUE
    CACHE 1;


ALTER TABLE public.prestamos_qr_seq OWNER TO postgres;

--
-- TOC entry 3131 (class 0 OID 0)
-- Dependencies: 214
-- Name: prestamos_qr_seq; Type: SEQUENCE OWNED BY; Schema: public; Owner: postgres
--

ALTER SEQUENCE public.prestamos_qr_seq OWNED BY public.prestamos.qr;


--
-- TOC entry 205 (class 1259 OID 57885)
-- Name: procesos; Type: TABLE; Schema: public; Owner: postgres
--

CREATE TABLE public.procesos (
    id_proceso integer NOT NULL,
    proceso character varying(20) NOT NULL,
    descripcion character varying(500)
);


ALTER TABLE public.procesos OWNER TO postgres;

--
-- TOC entry 204 (class 1259 OID 57883)
-- Name: procesos_id_proceso_seq; Type: SEQUENCE; Schema: public; Owner: postgres
--

CREATE SEQUENCE public.procesos_id_proceso_seq
    AS integer
    START WITH 1
    INCREMENT BY 1
    NO MINVALUE
    NO MAXVALUE
    CACHE 1;


ALTER TABLE public.procesos_id_proceso_seq OWNER TO postgres;

--
-- TOC entry 3132 (class 0 OID 0)
-- Dependencies: 204
-- Name: procesos_id_proceso_seq; Type: SEQUENCE OWNED BY; Schema: public; Owner: postgres
--

ALTER SEQUENCE public.procesos_id_proceso_seq OWNED BY public.procesos.id_proceso;


--
-- TOC entry 223 (class 1259 OID 57997)
-- Name: registros; Type: TABLE; Schema: public; Owner: postgres
--

CREATE TABLE public.registros (
    id_registro integer NOT NULL,
    id_prestamo integer NOT NULL,
    qr integer NOT NULL,
    fecha_inicio date,
    fecha_fin date,
    id_proceso integer NOT NULL,
    pdf_soporte character varying(500)
);


ALTER TABLE public.registros OWNER TO postgres;

--
-- TOC entry 220 (class 1259 OID 57991)
-- Name: registros_id_prestamo_seq; Type: SEQUENCE; Schema: public; Owner: postgres
--

CREATE SEQUENCE public.registros_id_prestamo_seq
    AS integer
    START WITH 1
    INCREMENT BY 1
    NO MINVALUE
    NO MAXVALUE
    CACHE 1;


ALTER TABLE public.registros_id_prestamo_seq OWNER TO postgres;

--
-- TOC entry 3133 (class 0 OID 0)
-- Dependencies: 220
-- Name: registros_id_prestamo_seq; Type: SEQUENCE OWNED BY; Schema: public; Owner: postgres
--

ALTER SEQUENCE public.registros_id_prestamo_seq OWNED BY public.registros.id_prestamo;


--
-- TOC entry 222 (class 1259 OID 57995)
-- Name: registros_id_proceso_seq; Type: SEQUENCE; Schema: public; Owner: postgres
--

CREATE SEQUENCE public.registros_id_proceso_seq
    AS integer
    START WITH 1
    INCREMENT BY 1
    NO MINVALUE
    NO MAXVALUE
    CACHE 1;


ALTER TABLE public.registros_id_proceso_seq OWNER TO postgres;

--
-- TOC entry 3134 (class 0 OID 0)
-- Dependencies: 222
-- Name: registros_id_proceso_seq; Type: SEQUENCE OWNED BY; Schema: public; Owner: postgres
--

ALTER SEQUENCE public.registros_id_proceso_seq OWNED BY public.registros.id_proceso;


--
-- TOC entry 219 (class 1259 OID 57989)
-- Name: registros_id_registro_seq; Type: SEQUENCE; Schema: public; Owner: postgres
--

CREATE SEQUENCE public.registros_id_registro_seq
    AS integer
    START WITH 1
    INCREMENT BY 1
    NO MINVALUE
    NO MAXVALUE
    CACHE 1;


ALTER TABLE public.registros_id_registro_seq OWNER TO postgres;

--
-- TOC entry 3135 (class 0 OID 0)
-- Dependencies: 219
-- Name: registros_id_registro_seq; Type: SEQUENCE OWNED BY; Schema: public; Owner: postgres
--

ALTER SEQUENCE public.registros_id_registro_seq OWNED BY public.registros.id_registro;


--
-- TOC entry 221 (class 1259 OID 57993)
-- Name: registros_qr_seq; Type: SEQUENCE; Schema: public; Owner: postgres
--

CREATE SEQUENCE public.registros_qr_seq
    AS integer
    START WITH 1
    INCREMENT BY 1
    NO MINVALUE
    NO MAXVALUE
    CACHE 1;


ALTER TABLE public.registros_qr_seq OWNER TO postgres;

--
-- TOC entry 3136 (class 0 OID 0)
-- Dependencies: 221
-- Name: registros_qr_seq; Type: SEQUENCE OWNED BY; Schema: public; Owner: postgres
--

ALTER SEQUENCE public.registros_qr_seq OWNED BY public.registros.qr;


--
-- TOC entry 203 (class 1259 OID 57875)
-- Name: sedes; Type: TABLE; Schema: public; Owner: postgres
--

CREATE TABLE public.sedes (
    id_sede integer NOT NULL,
    sede character varying(20) NOT NULL
);


ALTER TABLE public.sedes OWNER TO postgres;

--
-- TOC entry 202 (class 1259 OID 57873)
-- Name: sedes_id_sede_seq; Type: SEQUENCE; Schema: public; Owner: postgres
--

CREATE SEQUENCE public.sedes_id_sede_seq
    AS integer
    START WITH 1
    INCREMENT BY 1
    NO MINVALUE
    NO MAXVALUE
    CACHE 1;


ALTER TABLE public.sedes_id_sede_seq OWNER TO postgres;

--
-- TOC entry 3137 (class 0 OID 0)
-- Dependencies: 202
-- Name: sedes_id_sede_seq; Type: SEQUENCE OWNED BY; Schema: public; Owner: postgres
--

ALTER SEQUENCE public.sedes_id_sede_seq OWNED BY public.sedes.id_sede;


--
-- TOC entry 2915 (class 2604 OID 57901)
-- Name: carreras id_sede; Type: DEFAULT; Schema: public; Owner: postgres
--

ALTER TABLE ONLY public.carreras ALTER COLUMN id_sede SET DEFAULT nextval('public.carreras_id_sede_seq'::regclass);


--
-- TOC entry 2916 (class 2604 OID 57933)
-- Name: equipos id_lote; Type: DEFAULT; Schema: public; Owner: postgres
--

ALTER TABLE ONLY public.equipos ALTER COLUMN id_lote SET DEFAULT nextval('public.equipos_id_lote_seq'::regclass);


--
-- TOC entry 2917 (class 2604 OID 57934)
-- Name: equipos sede_responsable; Type: DEFAULT; Schema: public; Owner: postgres
--

ALTER TABLE ONLY public.equipos ALTER COLUMN sede_responsable SET DEFAULT nextval('public.equipos_sede_responsable_seq'::regclass);


--
-- TOC entry 2912 (class 2604 OID 57870)
-- Name: lotes id_lote; Type: DEFAULT; Schema: public; Owner: postgres
--

ALTER TABLE ONLY public.lotes ALTER COLUMN id_lote SET DEFAULT nextval('public.lotes_id_lote_seq'::regclass);


--
-- TOC entry 2918 (class 2604 OID 57962)
-- Name: prestamos id_prestamo; Type: DEFAULT; Schema: public; Owner: postgres
--

ALTER TABLE ONLY public.prestamos ALTER COLUMN id_prestamo SET DEFAULT nextval('public.prestamos_id_prestamo_seq'::regclass);


--
-- TOC entry 2919 (class 2604 OID 57963)
-- Name: prestamos qr; Type: DEFAULT; Schema: public; Owner: postgres
--

ALTER TABLE ONLY public.prestamos ALTER COLUMN qr SET DEFAULT nextval('public.prestamos_qr_seq'::regclass);


--
-- TOC entry 2922 (class 2604 OID 74141)
-- Name: prestamos dni_comodatario; Type: DEFAULT; Schema: public; Owner: postgres
--

ALTER TABLE ONLY public.prestamos ALTER COLUMN dni_comodatario SET DEFAULT nextval('public.prestamos_dni_comodatario_seq'::regclass);


--
-- TOC entry 2920 (class 2604 OID 57965)
-- Name: prestamos dni_funcionario; Type: DEFAULT; Schema: public; Owner: postgres
--

ALTER TABLE ONLY public.prestamos ALTER COLUMN dni_funcionario SET DEFAULT nextval('public.prestamos_dni_funcionario_seq'::regclass);


--
-- TOC entry 2921 (class 2604 OID 57966)
-- Name: prestamos lugar_prestamo; Type: DEFAULT; Schema: public; Owner: postgres
--

ALTER TABLE ONLY public.prestamos ALTER COLUMN lugar_prestamo SET DEFAULT nextval('public.prestamos_lugar_prestamo_seq'::regclass);


--
-- TOC entry 2914 (class 2604 OID 57888)
-- Name: procesos id_proceso; Type: DEFAULT; Schema: public; Owner: postgres
--

ALTER TABLE ONLY public.procesos ALTER COLUMN id_proceso SET DEFAULT nextval('public.procesos_id_proceso_seq'::regclass);


--
-- TOC entry 2923 (class 2604 OID 58000)
-- Name: registros id_registro; Type: DEFAULT; Schema: public; Owner: postgres
--

ALTER TABLE ONLY public.registros ALTER COLUMN id_registro SET DEFAULT nextval('public.registros_id_registro_seq'::regclass);


--
-- TOC entry 2924 (class 2604 OID 58001)
-- Name: registros id_prestamo; Type: DEFAULT; Schema: public; Owner: postgres
--

ALTER TABLE ONLY public.registros ALTER COLUMN id_prestamo SET DEFAULT nextval('public.registros_id_prestamo_seq'::regclass);


--
-- TOC entry 2925 (class 2604 OID 58002)
-- Name: registros qr; Type: DEFAULT; Schema: public; Owner: postgres
--

ALTER TABLE ONLY public.registros ALTER COLUMN qr SET DEFAULT nextval('public.registros_qr_seq'::regclass);


--
-- TOC entry 2926 (class 2604 OID 58003)
-- Name: registros id_proceso; Type: DEFAULT; Schema: public; Owner: postgres
--

ALTER TABLE ONLY public.registros ALTER COLUMN id_proceso SET DEFAULT nextval('public.registros_id_proceso_seq'::regclass);


--
-- TOC entry 2913 (class 2604 OID 57878)
-- Name: sedes id_sede; Type: DEFAULT; Schema: public; Owner: postgres
--

ALTER TABLE ONLY public.sedes ALTER COLUMN id_sede SET DEFAULT nextval('public.sedes_id_sede_seq'::regclass);


--
-- TOC entry 3101 (class 0 OID 57898)
-- Dependencies: 207
-- Data for Name: carreras; Type: TABLE DATA; Schema: public; Owner: postgres
--

COPY public.carreras (cod_carrera, nombre, id_sede) FROM stdin;
0	Indefinido	1
\.


--
-- TOC entry 3103 (class 0 OID 57914)
-- Dependencies: 209
-- Data for Name: comodatarios; Type: TABLE DATA; Schema: public; Owner: postgres
--

COPY public.comodatarios (cedula, codigo, nombre, cod_carrera) FROM stdin;
1087212365	219182083	PAI QUIÑONES ANDRES DAVID	0
98390168	98390168	CASANOVA CORAL OSCAR MAURICIO	0
12970298	12970298	JOSE FABIO DAVILA ESCOBAR	0
5228293	5228293	CARVAJAL MARTINEZ ARNOLD ADRIAN	0
87066568	27011239	BASTIDAS LEGARDA WILSON GEOVANNY	0
87104191	27018266	DIAZ CORDOBA OSCAR ANTONIO	0
1085257686	27060242	ROSERO TELLO RICARDO IMANOL	0
89052050872	27105189	ROSAS AREVALO VERÓNICA SABINA	0
1087643019	28052246	ARCOS SANTACRUZ OSCAR FERNANDO	0
1085260375	28122121	QUIROZ CANCHALA NYDIA JANNETH	0
5207773	29076270	PANTOJA DONY NORVEY	0
1085917288	29095341	TUMBAQUI TORO YENNI ELIZABETH	0
59833707	59833707	MUÑOZ PEREZ JENNY AMANDA	0
66771694	66771694	LIDIA CONSUELO LOPEZ CALVACHE	0
5278363	5278363	MEDINA BURBANO CARLOS ALBERTO	0
98340443	98340443	EDWARD NILSON ZAMBRANO ACOSTA	0
98400732	98400732	DANIEL MONCAYO ORTIZ	0
1086301821	202175626	MEJIA CUARAN JORGE LUIS	0
1085316939	215010003	ACHICANOY ROJAS CHRISTIAN DAVID	0
1085333283	215010016	BACCA GONZALEZ JHON JAIRO	0
1085331402	215010033	BOTINA MOREANO JOSE JAIME	0
1085312304	215010072	DELGADO DIAZ WILMER ARMANDO	0
1233189142	215010073	DELGADO MARTINEZ MARIA ALEJANDRA	0
1233188346	215010102	GUERRERO BOTINA LUISA FERNANDA	0
1233191119	215010123	LEGARDA REVELO JEISSON MATEO	0
1087619326	215010160	NAZATE MARTINEZ DANNY ALEXANDER	0
1086139220	215010183	QUINTERO CORDOBA DONOVAN	0
1004338550	215011048	BUESAQUILLO CARPIO DIANA YASMIN	0
1085339487	215011152	GUERRERO LAOS MARILIN NATHALYA	0
1084227424	215011213	MONTILLA JOJOA ROSA ELIZABETH	0
1085930176	215013201	ZUÑIGA VILLA WILMER ESTEBAN	0
1085334844	215027077	HUERTAS GALARRAGA CAROL FERNANDA	0
1085336091	215027108	MUYUY GALLARDO ADRIANA EVARISTA	0
1085342677	215027114	NASNER BURBANO NATHALY DEL SOCORRO	0
1004730562	215027115	OJEDA DELGADO ANA MARIA	0
1085335513	215028289	MUESES CASTRO JONATHAN DANILO	0
1085327684	215028373	RIASCOS LASSO BRAYAN STEFHAN	0
1233188193	215028419	TARAPUEZ ASCUNTAR LEIDY VIVIANA	0
1085339375	215031262	SALAZAR RAMOS VALENTINA	0
1083812975	215031270	SOLARTE URBANO ANYI PAOLA	0
1085662203	215033086	BOLAÑOS LASSO JHON PABLO	0
1085338805	215034024	BASTIDAS BENAVIDES CRISTHIAN CAMILO	0
1085319282	215034181	GUDIÑOPLAYONERA CARLOSANDRES	0
1085331857	215034184	GUERREROCALDERON JUANCAMILO	0
1085338053	215034194	GUERREROMUÑOZ MARIAJOSE	0
1085326103	215034302	MORAN ROSERO LUIS FELIPE	0
1233190500	215034390	PORTILLO MARTINEZ LUIS DIEGO	0
1085338331	215034485	YAMA CAICEDO KEVIN YAHIR	0
1088598078	215035125	CHIRAN TAIMAL MONICA PATRICIA	0
1085338567	215035275	LOPEZ SUAREZ ANGELA MARIA	0
1085326139	215035519	VALLEJO ESCOBAR KIMBERLY YARITTZA	0
1086105953	215036007	LORENAELIZABETH BRAVOBENAVIDES	0
1006501989	215036009	LEIDY VIVIANA BURBANO PRADO	0
1085320229	215036028	MIGUELANGEL FLOREZPANTOJA	0
1086137270	215036034	DANICAMARIA LOPEZRUANO	0
1085912693	215036036	MEDINA CHAVES EDWIN JESUS	0
1082658295	215036063	ZAMBRANO ACOSTA JESUS ERNESTO	0
1123317080	215043014	ALVARADO REYES BEATRIZ HELENA	0
1084847996	215043029	AZA AITE YENIFER VANEZA	0
1085332371	215043104	CRIOLLO TIMANA DIANA CAROLINA	0
1082104799	215043136	ERIRA NARVAEZ JHON FERNEY	0
1085292665	215043231	MORA YELA TANIA ESTEFANIA	0
1233190945	215051020	ARTEAGA LASSO JERALDINE CAROLINA	0
1081595379	215051052	BOLAÑOS ORDOÑEZ MARLON HAIR	0
1085337766	215051061	BUCHELI CORTES PAOLA KATERINE	0
1085324979	215052112	CUAYAL PANTOJA BRAYAN CAMILO	0
1085945556	215052279	OJEDA CHAMORRO OSCAR ALEJANDRO	0
1085292914	215052322	REVELO BENAVIDES XIOMARA DEL CARMEN	0
1085262446	215052339	RODRIGUEZ VALLEJO EDUAR IVAN	0
1085294470	215059038	CORTES BETANCOURTH STEVEN NICHOLAS	0
1085331680	215059167	SALAZARURBINA GRICELYULIET	0
1085338131	215060011	BURBANO DELGADO SARA ISABEL	0
1085312200	215060045	ESPAÑA NARVAEZ KAREN MARCELA	0
1085308440	215060102	ORTEGACARDOZO MIGUELALFONSO	0
1085302112	215071115	CRIOLLO GOMEZ ANGELA MARIA	0
1085330364	215102750	ZAMBRANO CABRERA JESUS ALBERTO	0
1085317951	215105010	ARCINIEGASBASTIDAS YINETHROXANA	0
1233189990	215105222	IPIAL BRAVO DIANA CAROLINA	0
1085336777	215108080	CABRERA CASTILLO ESLEYDER LUIS	0
1087121690	215108290	MOLANO RODRIGUEZ FREIRER ALEXIS	0
1085337663	215108472	TOBAR TOAR CARLOS JULIO	0
1085319605	215109067	ORTEGAARAUJO MARTHAISABEL	0
1085933030	215109074	OVIEDO PORTILLA EDWIN FERNANDO	0
1085332477	215122080	CEBALLOS LEITON ANDREA STEFANIA	0
1085336596	215123092	JOJOA CHAMORRO ALEJANDRA PATRICIA	0
1085337382	215123157	SALAZAR MORENO ANGELIN JOSELYN	0
1085329118	215127028	GALLARDO ZAMBRANO SANTIAGO DAVID	0
1233189709	215127036	GUEVARA PORTILLA YULIETH NATHALIA	0
1085303177	215127043	JOJOA JOJOA SANDRA HELENA	0
1085322219	215127054	MATABANCHOYPEJENDINO RUBYMILENA	0
1085336638	215127056	MENESES DE LA ROSA BAIRON JOSE	0
1082658194	215127090	YEISONDANIEL SANTACRUZPORTILLO	0
1085937256	215129052	CONSTAIN CAMILOANDRES	0
1085946337	215140071	CUASPUD DIAZ DARIO ALBEIRO	0
1087416167	215140094	ERAZO BENAVIDES IVAN CAMILO	0
1087201202	215151049	ENRIQUEZ ANGULO CRISTIAN STIVEN	0
1144180076	215151075	JUAN DAVID LANDAURI	0
1087203242	215151117	QUINTERO QUIÑONES LEISY ARIAGNA	0
1089846594	215155172	MELO RODRIGUEZ JOSE FRANCISCO	0
1087422498	215155249	RIVERACAIPE LEYDYVIVIANA	0
1085336084	215158331	MUÑOZ BOTINA JUAN DAVID	0
1233190398	215160293	MOLINA LASSO JOSE LUIS	0
1086332261	215160471	VASQUEZPINTA SANTIAGOSTIVEN	0
1085314815	215179059	DELGADOREVELO NASLYLISBETH	0
1233188972	215179063	DIAZ CUASPA ALEXANDRA VANNESA	0
1085308212	215179099	LIZCANO PATIÑO DIEGO FERNANDO	0
1085303298	215179108	MENA ANDRADE DANILO ANDRES	0
1085342306	215179149	PERDOMO ALVAREZ YUDY NORELIA	0
1087200094	215182117	JARRIN NARVAEZ ARCESIO ALEXANDER	0
1087199666	215182180	QUIÑONES MURILLO MARISOL ELIANA	0
1233189983	215190112	OVIEDO BRAVO LUIS HERNANDO	0
1085314938	215192322	ROSERO BOLAÑOS JOHNATHAN JAVIER	0
1085333246	215192385	YELALEITON OSCAREDISSON	0
1085330413	215198041	BENAVIDES CALDERON WILLIAM ALDAIR	0
1085304660	215198095	CASTRO VEGA ANA GERALDYN	0
1085337781	215198211	HUERTASLOPEZ JESSICA	0
1085340419	215198238	LOPEZ PUERRES ANGIE VANESA	0
1085323121	216010012	ARIASVELAZQUEZ LEYDIGABRIELA	0
1085338391	216010034	BOTINA MOREANO MARLON DAVID	0
1085318507	216010044	BUESAQUILLO TULCAN JULIHET STEFANY	0
1085314177	216010101	ENRIQUEZ GUERRERO JENNY STEPHANIE	0
1086551106	216010197	MUÑOZ PASAJE JESUS RAMIRO	0
1233192622	216010230	PANTOJA SANTACRUZ SANTIAGO CAMILO	0
1085948407	216010240	PORTILLA MUESES IVAN CAMILO	0
1085335857	216010257	RIVERA BENAVIDES DANIELA YULISSA	0
1085319563	216010274	ROSERO GRANDA NATHALIA VANESSA	0
1085291370	216010299	UASAPUDORTEGA GINNAKAROLA	0
1085337905	216010310	VENEGASALVAREZ JONATHANHARVEY	0
1088799403	216011013	BENAVIDES BENAVIDES GIOVANNY SEBASTIAN	0
1085343694	216011022	BOTINA JOJOA MARILIN	0
1233191565	216011042	CHAMORROMARTINEZ ANGIEVIVIANA	0
1085936471	216011061	DIAZ QUIGUANTAR SANDRA MILENA	0
1085325504	216011129	ORDOÑEZ ORDOÑEZ DANIEL SEBASTIAN	0
1085331606	216011155	PUERRESPORTILLO MILLEROSWALDO	0
1089078208	216011183	SOLARTE ERASO VIVIANA TALIA	0
1085324191	216013108	MARTINEZ GAMBOA ANDRES BAYRON	0
1085343126	216013173	ROSERO REVELO EDWIN ANDRES	0
1085635822	216013182	SARCHI CHAGUEZA YAMILE FERNANDA	0
1010106305	216013184	SOLARTE JUAN FELIPE	0
1085283827	216013205	VILLOTA ACHICANOY VANESSA MALENA	0
1085326082	216018057	CERON CERON CRISTIAN CAMILO	0
1083814600	216018141	LASSO ORDOÑEZ CARLOS JAVIER	0
1085316150	216027024	AYALABOTINA CRISTHIANCAMILO	0
1085316433	216027042	BETANCOURTH AGUIRRE JOSEPH JOSHUA	0
1085328693	216027082	CHALIAL PAZ JULIETH KATHERINE	0
1085335224	216027108	DIAZ ARAUJO ELVIS DONNOVAN	0
1085321273	216027147	GUERRON TELLO LEIDY LORENA	0
1085302026	216027230	ORTIZ PORTILLO LEIDY SOFIA	0
1085277680	216027234	PANTOJA BARCENAS JHONNY CARLOS	0
1085940595	216027257	POTOSI GUANCHA LISETH YURANY	0
1085336573	216028031	BURBANO PUPIALES ERIKA JOHANNA	0
1004543288	216028107	IBARRA VELASCO MARYORI DAYANA	0
1085344971	216028139	MIDEROS SANTACRUZ HEIDY YURIANI	0
1085319922	216028143	MONTENEGRO GUZMAN PAOLA ANGELICA	0
1085339039	216028144	MONTEZUMA OJEDA JESSICA TATIANA	0
1081595701	216031056	BOLAÑOSORDOÑEZ CARLOSHARRISON	0
1085347768	216031142	DIAZ RODRIGUEZ MARIA CAMILA	0
1085344924	216031374	RODRIGUEZ CAÑAR ERIKA	0
36755716	216031436	VILLAMARIN GRIJALBA MYRIAM JANNETH	0
1085347305	216033173	CORDOBA CAMPAÑA JULIAN	0
1085344324	216033475	MUÑOZ DELGADO BRAYAN FERNANDO	0
1085340137	216033479	MUÑOZ MONTOYA IRIS JOHANA	0
1085314772	216033493	NARVAEZMORALES DANNYMAURICIO	0
1085336619	216033514	ORTEGA MEJIA LUIS ANGEL	0
1085342183	216033626	RIASCOSJOJOA JEFFERSONDAMIAN	0
1085347817	216033647	ROMO CASTAÑEDA DAVID FIDEL	0
1120216619	216033697	SUAREZ MORAN WALTHER EMILER	0
1004532553	216034013	ARTEAGAMUESES LEIDYPATRICIA	0
1085323329	216034075	DELGADOOBANDO RICARDOJHOVANNY	0
1085342904	216034103	GOMEZDUQUE SERGIO	0
1075310682	216034288	ZAMBRANOPORTILLA DANIELALEJANDRO	0
1085313871	216035099	JOJOA CASTRO VICTOR DANIEL	0
1085333345	216035109	LOPEZ QUINAYAS JAIRO ANDRES	0
1085341045	216035141	NARVAEZ TAIMAL CLAUDIA JIMENA	0
1085325748	216035150	ORTEGACHAMORRO JIMMYDUVAN	0
1085325844	216035179	ROSASHURTADO IVANALEXANDER	0
1085907418	216036040	CHITAN CORAL EDWIN ALBEIRO	0
1085940237	216036052	CUASQUER TEPUD GUILLERMO PEDRO	0
1088738161	216036081	MORA PORTILLO HAILYN DAYANA	0
1085934306	216036088	MU\\\\OZ TENGANAN DANIEL FERNANDO	0
1004213985	216041004	AGREDA SANTACRUZ MARIA FERNADA	0
1233190692	216041015	ARTEAGA TOBAR DIANA PATRICIA	0
1085318680	216041023	BORBOYES ACOSTA KEVIN STYVEN	0
1085325919	216041030	CABRERA CHAVES NATHALIA	0
1085322435	216041071	OVIEDO JENNIFER GETIAL	0
1085340943	216041098	ANDREA CAMILA LUCERO DÍAZ	0
1086363604	216041104	MARTINEZ GAVIRIA CRISTIAN ESTEBAN	0
1085287154	216043185	ESTUPINAN DELGADO ALVARO ANDRES	0
1086756521	216043286	MALLAMA QUIROZ DANIEL DAVID	0
1010071446	216048017	CALPA DAYANA LEIDY	0
1085924411	216048035	ENRIQUEZ JARAMILLO GIOVANNA IVETTE	0
1085284983	216048039	ESCOBAR ROJAS ANGELO BLADIMIR	0
1088218432	216048044	GUAQUEZ CUADROS EVER ESTEBAN	0
1085949493	216048049	IBARRA ARTEAGA CAMILA ALEJANDRA	0
1085943967	216048056	MALPUD VASQUEZ MANUELA KATERINE	0
1085947709	216048078	ANDREADEL CARMEN QUISTIALFUEL	0
1085328268	216052003	ALBANOBANDO MICHAELALBERTO	0
1087413313	216052118	CHAUCANES PANTOJA ANDRES ALFONSO	0
1085339654	216052145	CRIOLLO LEYTON LESLY DALILA	0
1085307136	216052178	ENRIQUEZ DESCANCE KAREN STEFANNY	0
1085327271	216052419	ROSALES DUEÑAS MELISSA	0
1085326513	216057049	ESTUPIÑAN ROMERO JHENNIFER LISBETH	0
12753881	216057058	GOMEZ MARTINEZ JOHN JAIRO	0
1085309009	216057064	GUERRERO ENRIQUEZ STEPHANIE CATHERINE	0
1085278821	216057113	ROSERO ORTIZ DIANA MARCELA	0
1085317211	216057124	VALLEJO ERASO LEONARDO JOSE	0
98081567727	216059026	CHAVESERAZO SANTIAGOMANUEL	0
1085328777	216059098	RODRIGUEZ CERON DANIELA ELIZABETH	0
1004692282	216060001	AGUIRRE MORILLO MANUEL JUAN	0
1089459719	216060010	BOLAÑOS ESPAÑA ROBINSON WVEIMAR	0
1082657505	216060063	CARLOSSTIVEN LOPEZMELO	0
1144088673	216060079	OBANDOBOLAÑOS JESUSALEXANDER	0
1089848163	216060084	ORTEGA BENAVIDES AMALIA FERNANDA	0
1085319128	216060112	RODRIGUEZ SOLARTE BRAYAN FABIAN	0
1087674069	216060114	ROMERO ROSERO JOSE GEOVANY	0
1085304292	216060127	TENORIO VALENCIA HENRY WILLIAM	0
1085339247	216060130	TULCANNARVAEZ LUISAMARIA	0
1086500211	216071026	CAICEDO SAAVEDRA ROBER JULIAN	0
1087647579	216071039	CERON CORDOBA JHON FREDY	0
1088652974	216071145	PASTASCOLIMBA BRYAMMAURICIO	0
1085318592	216073022	CABRERA ARGOTI YULI DANIELA	0
1085340828	216073109	NUPAN MOLINA GINED ELIANA	0
1087196781	216083003	ANGULO ERIKA ELIZABETH	0
59673800	216083017	LUZDARIS BASTIDASNARVAEZ	0
1087210437	216083107	PAREDES CORTES KEYLA JESSENIA	0
1087126094	216083113	PRECIADO ANGULO KAREN ALICIA	0
1004640440	216083122	QUIÑONES CUERO JUAN CARLOS	0
1109541611	216083124	CRISTIANFERNANDO QUIÑONESOLAYA	0
1085330895	216089246	ERASO ROJAS ANGELICA TATIANA	0
1085342453	216089534	OLIVA RODRIGUEZ SILVANA	0
1004631161	216089699	ROSERO ORDOÑEZ YENY FERNANDA	0
1087646443	216089736	SARASTY ORTIZ PEDRO ROLAND	0
1085316375	216089769	URBANO PEREZ MARCELA FERNANDA	0
1085326016	216095120	GUERREROPAGUATIAN CARENYISSELL	0
1086923276	216102212	ESTRELLADELGADO CLAUDIAVIVIANA	0
1085329927	216102591	ZAMBRANOVELASQUEZ ANGELANATHALIA	0
1087422494	216104017	CORAL GUERRERO LILIANA MARITZA	0
1085299159	216104035	MAIGUAL PORTILLO MADELEING SILVANA	0
1233189072	216104036	MAVISOY BRAVO YULIETH ANDREA	0
1085341012	216105116	LLOYD BRAVO TATYANA NIKOLE	0
1131084458	216108049	CHAMORRO CERON MIGUEL CAMILO	0
1085326734	216108114	JOJOA RODRIGUEZ JEISSON DANIEL	0
1086019384	216108130	MANCHABAJOY CANAR JUAN PABLO	0
1085308142	216108234	TOVAR SANTANDER CHRISTIAN DAVID	0
1233191972	216109010	ARCOS LUCERO FELIPE ANDRES	0
1085284471	216109068	CRIOLLO NICHOY DEYBI HERNAN	0
1085341861	216109130	MARTINEZ SANTACRUZ JEIMY VANESSA	0
1085343510	216109178	PERENGUEZ HERNANDEZ ANGEL STEVEN	0
12753910	216109181	PORTILLA BENAVIDES FRANCISCO JAVIER	0
1085342957	216116075	ENRIQUEZ PONCE KATHIA LORENA	0
1085343807	216116132	NARVAEZ DE LA ROSA EILEEN ANDREA	0
1004132162	216116138	OBANDO CHAVES MARIA TERESA	0
1233189006	216116149	PANTOJA ESTRADA INGRID CARINA	0
1010035238	216116154	PAZ BOLAÑOS PABLO JUAN	0
1233191516	216122007	ARAUJO CHAMORRO MARLY YURANI	0
1086140151	216122027	BRAVO TOVAR BRAYAN ARMANDO	0
1089459809	216123161	GARCIA BURBANO DANNA JERALDINE	0
1086363409	216123175	GUERRA MENA FREDY GIOVANNY	0
1087807206	216123343	MARIAMILAGROS ROMEROANGULO	0
1085343252	216123395	VALLEJO PACHAJOA DANIEL ARMANDO	0
1084227280	216127047	CALVACHE SOLARTE YESSICA GERALDINE	0
1085308615	216127127	LEIVA GUERRERO JUAN DAVID	0
1233191005	216127161	MUTUMBAJOY BENAVIDES ADRIANA VANESSA	0
1004232431	216127259	ZAMORANOINCA MARGARITAANDREA	0
1124316488	216129070	CUATINDIOYQUINCHOA SUMATAMIA	0
1085279557	216129074	DELGADO JOJOA ELIZABETH CONSTANZA	0
1085326725	216129079	DELGADO VILLAMARIN ERISSON DANIEL	0
1085325480	216129100	GARCIA MONTILLA DIEGO ALEXANDER	0
1086331897	216129145	LOPEZ VALDEZ JONY ESTIVEN	0
12915392	216134005	ANGULO MERCHANCANO HAROLD WILSON	0
27366761	216134014	ZULEMA BONETMIRANDA	0
1087204503	216134015	CAICEDO CUERO MAURICIO	0
13107663	216134031	COLORADO BANGUERA JAIR	0
1087209457	216134049	ESTACIO MEDINA MARIA PAULA	0
1087212341	216134061	K.C.SHANIA IZQUIERDO SOLIS	0
1006180933	216134062	ANAMARCELA LASSOPRECIADO	0
1087793347	216134087	QUINONES CORTES DIANA MELISSA	0
1087210295	216134110	SOLIS MINA VICKI ARACELI	0
1085946280	216146024	DORADO MARTINEZ ANDREA ELIZABETH	0
87533307	216146027	ERAZO PAREDES DANY FERNANDO	0
1087421197	216146059	PULSARA RIOS LINETH SILVANA	0
1004618444	216151001	AGUIRRE DIEZ DUVAN DARIO	0
1144183280	216151026	JUAN CAMILO CRUZ PADILLA	0
1087800625	216151028	DAJOME QUIÑONES JOSE LUIS	0
1004637373	216151069	SANCHEZ CASTILLO THALIA FRANCHESCA	0
1087807732	216151078	VALDEZ QUINTERO CARLOS ANDRES	0
1087419202	216155186	NARVAEZCARDENAS DIANACATALINA	0
1085946787	216155265	SOTO POSSO JERSON SAMIR	0
1123316890	216158065	CIRO CUELLAR YANELI ALEXANDRA	0
1085340957	216158110	ESPAÑA RUIZ INGRID GOVANA	0
1085318359	216158124	GRANADAJURADO JOSEMIGUEL	0
1085335777	216158210	NARVAEZ RAMOS KATHERINE ESMERALDA	0
1085330879	216160006	ALVAREZ BOTINA DANIEL ALFONSO	0
1085338638	216160273	ANDRES FELIPE USAMAG CADENA	0
1085936540	216165022	BERNAL ARCOS MIGUEL LUIS	0
1086756635	216165101	OVIEDO CUASPUD ANDERSON DANIEL	0
98012664583	216179024	ARROYO VALLEJO ALEJANDRO SANTIAGO	0
1085941646	216179144	CUASQUER SALAZAR DUVAN FAVIO	0
1233191983	216179213	GUERREROARAUJO DIEGOALEXANDER	0
1085338377	216179247	LAGOS LOPEZ KAREN ALEXANDRA	0
1085338280	216179419	ROSERO PORTILLA NEIDER WEIMAR	0
1087205666	216182080	LOPEZ MORENO EDER	0
1087798100	216182107	PRADO DIAZ PETER PAUL	0
1061761933	216182145	ROJAS GONGORA DAIRA MIREYA	0
1233192584	216190056	CERON JURADO DANIELA GIULIANA	0
1085272371	216190189	NARVAEZLEGARDA JOHNATTANDAVID	0
1083752171	216198012	ASCUNTARRUALES ANAMILENA	0
1083814688	216198018	BOLAÑOS BOLAÑOS YULIETH VANESA	0
1004234331	216198026	CABRERA MAYA ERIKA VANESSA	0
1085331835	216198061	ESPAÑA MUÑOZ MARIA FERNANDA	0
1085325461	216198089	LOPEZ FIGUEROA PAOLA ANDREA	0
1085344238	216198103	MELO MELO DAYANA LISETH	0
1085343321	216198133	PATIÑO MONTILLA CLAUDIA ANDREA	0
1233188014	216198135	PAZMI/OTOBAR DAVIDSTIVEN	0
1233188191	216198171	TARAPUEZ ASCUNTAR OSCAR GIOVANNY	0
1085279200	216198181	TULCAN ERASO JONNATHAN JEFRY	0
1004232338	217010058	DUEÑAS ROSERO JHONATAN DAVID	0
1085344075	217010185	RIVERA PAZ DEIVY FERNANDO	0
1085346510	217011050	BUSTOS ESPINOSA ANTHONY SEBASTIAN	0
1004598456	217011106	DELGADO TORRES KAREN XIOMARA	0
1085343532	217011145	GUEVARA MATABANCHOY GILBER ALEXIS	0
1085337907	217011302	TOBAR TRUJILLO JONNY STIVEN	0
1085344359	217013066	CALVACHE MUÑOZ JUAN FELIPE	0
1004189981	217013135	GAMBOA YOTENGO LIZETH KATHERINE	0
1085299672	217013209	LUNA MORA ELIZABETH	0
1089848192	217013227	MENESES VALLEJOS CLAUDIA PATRICIA	0
1085302116	217013355	VERGARA BOTINA MARIO FERNANDO	0
1085318754	217018049	ENRIQUEZ OSPINA JULIAN EDUARDO	0
1085337948	217018057	DAVID ESTEBAN FAJARDO CARDOZO	0
1004716152	217027086	DELGADO DELGADO ANA FERNANDA	0
1087419731	217027132	HERNANDEZ VALLEJO JULIANA GERALDINE	0
1004508603	217027252	RIVERA BARCENAS NATHALY ALEJANDRA	0
1085337839	217027280	SANTACRUZ BOLAÑOS MARIA FERNANDA	0
1061808200	217028164	ERASO TIMANA BERNARDA ALEJANDRA	0
1085341499	217028257	MAFLA MUÑOZ CLAUDIA ALEJANDRA	0
1085336292	217028312	NARVAEZ FIGUEROA LADY JULIETH	0
1085339140	217028325	OLIVA CASTILLO JENNY ALEJANDRA	0
1085282655	217033429	OBANDO OBANDO DANNY HERNANDO	0
1085329064	217033434	ONOFRE RUIZ ALI SEBASTIAN	0
1082658607	217033472	PANTOJA MELO JHOAN ALEXANDER	0
1233191503	217033527	REVELO BENAVIDES JESUS HERNANDO	0
1085334789	217034185	GUANCHAMENESES DANIELESTIVEN	0
1004133359	217034188	GUERRERO ANDRADE KEVIN ANDRES	0
1085333778	217034328	PANTOJABENAVIDES HUGOANDRES	0
1085327454	217034401	ROSEROMORALES YULIANASTEFANY	0
1085314919	217035040	BOLAÑOS RIVERA BRAYAN JULIÁN	0
1004709614	217035150	GALINDEZ PEREZ MELISSA	0
1085335895	217035231	MEDICIS DELGADO CRISTHIAN ALEXANDER	0
1089848177	217035272	NARVAEZ CERON ANGELA CAROLINA	0
1085948748	217036025	NANCY MILENA CUASTUMAL QUENGUAN	0
1085342578	217036026	DELGADO CALVACHE JEFERSON FABIAN	0
1086140049	217036066	ROJAS ZAMBRANO DANIEL FELIPE	0
1085947535	217036069	ROSERO TREJO LIZZETH CAROLINA	0
1086361232	217041171	MARTINEZ ARTEAGA FABIAN DUBERNEY	0
1044508588	217041283	ROSERO CERON LUDIN CAROLINA	0
1085341940	217043179	GUTIERREZERAZO ADRIANSTEVEN	0
1233192916	217043273	MONTILLA TOBAR DIANA CAMILA	0
1010079355	217043414	ROSERO ROBLES MATEO NICOLAS	0
1085635369	217048041	EDWINSANTIAGO HERNANDEZARTEAGA	0
1085948001	217048048	JARAMILLO CAICEDO DAVID FERNANDO	0
1004578435	217048055	ANGELAYUSELLY MARTINEZCHACUA	0
1085931456	217048059	LILIANAMARCELA MENESESMIÑO	0
1085635953	217048094	RUALES ROSERO YESSICA LIZBETH	0
1085339568	217051328	PORTILLA MORALES VILMA LEONELA	0
1004217605	217051343	RIASCOS CHAVEZ LUISA MARIA	0
1061757868	217052050	BUENO PANTOJA JULI ESTEFANY	0
1010015751	217052086	CASTAÑEDA PALACIOS JIRETH SADA	0
1085336307	217052113	CUARAN MUÑOZ JHON ALEXANDER	0
1085318868	217052132	ERASO MUÑOZ DIEGO GERMAN	0
1085318685	217052239	MENESES HUACA EDGAR ANDRES	0
1007180180	217052406	TELPIZ RODRIGUEZ JUAN CAMILO	0
99040803811	217057074	ROSEROMUÑOZ MARIAPAULA	0
1124316398	217057084	TISOY JOJOA DANIEL ESTEBAN	0
98398593	217059039	DE LA ROSA BENITEZ FRANCISCO JAVIER	0
1085327152	217059133	TORRES TORRES LEIDY DAYANA	0
1085347803	217059135	URBANO ROSERO DANIEL STEVEN	0
1233192136	217060006	ARTEAGA NASTAR ALEXANDER DAVID	0
1085347755	217060028	CHAMORRO PEREIRA SOFIA CONSTANZA	0
1085952182	217060036	DIAZ SUAREZ BRAYAN CAMILO	0
1085335909	217060045	GELPUD MUÑOZ CARLOS FERNANDO	0
1085347363	217060048	GRANDA ADARME ADRIANA LUCIA	0
1085264094	217060096	PORTILLO SANTIAGODANILO	0
1085334786	217060117	SANTACRUZ PATIÑO EDGAR CAMILO	0
1085347638	217071009	ANDRADE CASTRO ANDREA CAROLINA	0
1085949080	217071297	POTOSI TORRES ANDREA MILENA	0
1085341495	217071369	VELEZ BOLAÑOS ANGELY CAMILA	0
1085341162	217073083	ENRIQUEZ PEREZ ANGIE SOFIA	0
1089031866	217073145	MEJIA GOYES EDUAR ANDREY	0
1085346100	217073229	RUBIO ROSERO LESLEY DAJHANA	0
1085664117	217076066	BOLAÑOS LASSO MARIA ANGELA	0
1085313875	217076217	GONZALEZ ERASO BRAYAN CAMILO	0
1085322728	217076448	RIASCOS CHAVEZ PAULA ANDREA	0
1192756175	217083004	ANDRADE RODRIGUEZ RUTH DANIELA	0
1004639773	217083019	BENITEZ ZUÑIGA ANGIE PAOLA	0
1087211264	217083026	CARABALI RIASCOS LIZETH NATHALIA	0
59681884	217083028	ELIZABETH CASTAÑEDATENORIO	0
1004614382	217083040	CORREA ANGULO LUIS DIEGO	0
87943082	217083056	MARINEL ESPAÑAVALENCIA	0
1004189842	217083103	PANTOJA CANSIMANCI KAREN MAITE	0
1087212214	217083112	QUIÑONES CABEZAS LINA LIZETH	0
1004612158	217083118	RAMOS VERGARA LUISA ESTHER	0
1087212786	217083135	ANGELA HERMINIA SERRANO	0
1004215129	217089118	CERON MORA KAREN TATIANA	0
1089488735	217089119	CERON MORENO GERALDINE VANESSA	0
1010148334	217089328	MUÑOZZBOLÑOSOS LORENA	0
1086362993	217089349	NARVAEZNOGUERA SHARLYSANTIAGO	0
1087646374	217089368	ORDOÑEZ GOMEZ YASMIN KELLY	0
1087415572	217089556	YELA PANTOJA MARCELA GENNY	0
1233193528	217095005	ANDRADE MARTINEZ JORGE LUIS	0
1086225365	217095050	CAEZ ZAMBRANO JOHANA KATHERINE	0
1085346176	217095102	ENRIQUEZ LOPEZ ANGELA GABRIELA	0
1085344806	217095164	LIZCANOMONTES DANIELAALEJANDRA	0
1004232165	217095168	LOPEZ LOPEZ LINA MARIA	0
1085946433	217095173	LOPEZ SARASTY ANGELA CRISTINA	0
1085340115	217095205	MORENO GAVIRIA SANTIAGO ANDRES	0
1000512393	217102662	ROSALES ROSERO INGRID CAMILA	0
1085341685	217102679	SACANAMBUY ESPAÑA ANA MARIA	0
1193031956	217104200	CORTES CORTES THALIA GABRIELA	0
1085336874	217104243	ENRIQUEZ ALVAREZ NEILA GABRIELA	0
1085347748	217104249	ENRIQUEZORTEGA MARIANAELIZABETH	0
1085312052	217104511	MUÑOZ TUTISTAR DANIEL DAVID	0
1085343646	217104593	PORTILLA VALLEJO MARIA FERNANDA	0
1087421723	217105020	ASCUNTARDIAZ DIEGOALEXANDER	0
1085340107	217105130	ENRIQUEZ GOMEZJURADO LAURA SOFIA	0
1004214292	217108209	MARTINEZLUCERO GERALDYNDANIELA	0
1086139708	217108312	RAMOS PAMA JENNIFER VANESSA	0
1080901756	217108337	ROSEROBRAVO DANI	0
1085320365	217108355	SANTACRUZ PANTOJA DANIEL ESTEBAN	0
1233193426	217109069	DELGADODELGADO JEFERSONJAIR	0
1193385949	217109071	DELGADO RAMIREZ GISSELL VANESSA	0
1085297384	217109137	MORILLOTAPIA KARENVIVIANA	0
1007808619	217116085	ANYIPAOLA DELGADOMORALES	0
1233194127	217116096	DIANA ENRÍQUEZ OLIVA	0
1085258407	217116114	GARCIA M EDGAR ANDRES	0
1086550748	217116120	GONZALES LASSO OWEIMAR	0
1086500139	217116177	MONTENEGRO ALFARO ADRIANA LUCIA	0
1085295026	217116259	SERRANO FUERTES KRISTINA ESTHEFANIA	0
1085331423	217116274	JESSICADORALY TORRESCERON	0
1004770475	217122054	CABRERA GETIAL MARLY NATALY	0
1084228167	217122145	GOMEZ ARMERO YEFERSON ALEXI	0
1233191275	217122169	INSUASTI GOMEZ CARLOS DANIEL	0
1086225714	217122176	JOJOA NARVAEZ SANDRA LILIANA	0
1123317647	217123093	CUAYAL CUASTUMAL DANIELA ALEJANDRA	0
1010127808	217127024	BURBANO RODRIGUEZ FLOR YORELY	0
1233193780	217129030	BOTINA MARTINEZ TANIA YERLIN	0
1083814323	217129052	NARVAEZ JHULY CERON	0
1085295851	217129058	CHAVERRA APRAEZ JUAN PAULO	0
1085337840	217129079	ERASOMELO MARIAALEJANDRA	0
1085342808	217129082	ERASO SANTACRUZ JOHANA ALEXANDRA	0
1233188318	217129093	GOMEZSANTANDER GABRIELAALEXANDRA	0
1193476460	217129151	ORTEGA OVIEDO VERONICA ALEXANDRA	0
1085278591	217129175	RAMIREZ VALLEJO CAMILO CHRISTIAN	0
1085333629	217129207	TOBARBENAVIDES HECTORYAIR	0
1087206521	217134004	ANDRADE KLINGER ROSA ELENA	0
1010111052	217134005	ANGULO ARAUJO KARINA	0
1087193307	217134007	JOSEMARCOS ANGULOGUERRERO	0
1004610036	217134013	ARROYO MINOTA ALEXA YASURY	0
1004640519	217134014	ANGIEZAMIRA ARROYOSINISTERRA	0
1087131866	217134018	BERMEJO PRECIADO CONSUELO	0
59678926	217134023	ROSARIOERICA CASIERRABENAVIDES	0
1087121696	217134025	KATHERINE CASTILLOGONGORA	0
1087201078	217134031	CORTES BOYA DICCI KATHERINE	0
59686887	217134036	CUERO BECERRA NANCY NAIROBI	0
1004610774	217134039	LISETHVALERIA DOMINGUEZSATIZABAL	0
1087110867	217134054	GUERRERO ORTIZ VICTOR ALFONSO	0
87942312	217134072	ANTONIOARTURO MOREANORAMIREZ	0
1087207779	217134079	ORTIZ BURBANO JUAN CAMILO	0
1004578999	217134088	PALMA YARPAZ ANDRES DAVID	0
1004342379	217134101	QUIÑONES VALDERRAMA CAROL YISEL	0
1087193402	217134102	QUIÑONES VALENCIA LUIS CARLOS	0
1087120171	217134126	JANELLALISSETTE VALENCIATENORIO	0
1087111828	217134131	VELEZ QUIÑONES LIBARDO JOEL	0
1151934513	217134132	EDISALONDRA VERGARACAMPAZ	0
1085312698	217140025	BENAVIDESMUÑOZ ALEXACRISTINA	0
1088599072	217140043	CARLOSAMA TAIMAL YAMILET ANDREA	0
1085344706	217140059	CHAUCANESMANCHABAJOY ANGELAMANUELA	0
1082749333	217140142	MENESES LIMAS DARWIN DANIEL	0
1086499667	217142017	SERGIO OLIVER CAICEDO SAAVEDRA	0
1087421321	217142020	JENNIFERALEJANDRA CALDERONRODRIGUEZ	0
1087426303	217142071	ROSERO MOLINA JONHATAN SEBASTIAN	0
1087424246	217146004	ARCINIEGAS MENESES CLAUDIA MARCELA	0
1087422129	217146031	FIGUEROA BENAVIDES MARITZA ELIZABETH	0
1087425055	217146046	MORA FIGUEROA YESIKA ESTEFANIA	0
1087417855	217146048	MONICALUCENY NASNERBENAVIDES	0
1084224301	217155005	ALBAN PABON FRANK ANDRES	0
1004232067	217155116	IBARRA BOLAÑOS DIANA SOFIA	0
1233190950	217158126	LEIDYVALENTINA CUNDARROMO	0
1233194027	217158167	GARZON CASTRO MANUEL ALEJANDRO	0
1233191763	217158186	GUERRERO VILLAMARIN ANDRES SEBASTIAN	0
1004133739	217158208	INSUASTY PORTILLO ANA GISELLA	0
1007312313	217158292	ERIKAJOANA ORTEGABASTIDAS	0
1061796348	217158442	VILLOTAVIVAS ANYELALISBETH	0
1233194490	217160204	MALLAMA ROJAS ALEX GUSTAVO	0
1085330793	217160350	RUANO ERAZO BAIRON DUVAN	0
1085331334	217179016	ARTEAGAIDROBO DARIOALEXANDER	0
1087426662	217179088	CHAVEZ CAICEDO NATHALIA ALEJANDRA	0
1193036507	217179218	MELO PAZ DANIELA MARGARITA	0
1085343303	217179243	MOSQUERA PATIÑO VIVIANA MARCELA	0
1004232326	217179290	PAZMIÑO BURBANO NICOLAS ANDRES	0
1004620550	217182006	ANGULO GUERRERO LUIS EDER	0
1087193550	217182106	PORTOCARRERO VALLECILLA JORGE HOLGUIN	0
1087208622	217182139	TORRES CORTES EDUAR ANDRES	0
1193224792	217191133	LOPEZ VACA JUAN SEBASTIAN	0
1084848330	217192036	AZA AITE BRAYAN FABIAN	0
1087027998	217192273	LEITON MORA JORGE YESID	0
1081595807	217192378	PANTOJA 4 JENNY JOHANNA	0
1085333218	217192443	ROJASJUAGINOY MARIAVICTORIA	0
1085945940	217194011	BALLESTEROS VALVERDE ANGIE VANESSA	0
1085945017	217194019	CASTILLO ROSERO JESIKA ANDREA	0
1085952124	217194030	ESTUPIÑAN CHAVEZ GIOVANNA	0
1085943381	217194036	GUAMANZAR CHAMORRO YOSELIN PAMELA	0
1085945720	217194038	INESTROSA BASTIDAS DIANA CAROLINA	0
1004578185	217194075	TAPIA MITIS MARIA ISABEL	0
1010137971	217194077	TELLO FUERTES ANGIE DANIELA	0
1233192982	217198001	AGREDO RODRIGUEZ CARLOS SEBASTIAN	0
1086362979	217198040	BURBANORODRIGUEZ ADRIANAPATRICIA	0
1004214967	217198097	GABRIELAFERNANDA CRIOLLOTULCAN	0
1085328932	217198113	DELGADO FERRO MARIA ALEJANDRA	0
1085339900	217198194	LOPEZBENAVIDES RAMONABEL	0
1085340768	217198220	MAYASERRATO DILANDAVID	0
1085328580	217198280	PANTOJA MEZA ANDRES FERNANDO	0
1004572940	217198330	RODRIGUEZROSERO JOANSTEVEN	0
1233192541	217198354	SALAZAR DELGADO LUISA FERNANDA	0
1085287356	217198371	TISOYTISOY MARLENYESPERANZA	0
1004578259	218010036	CADENACUASAPUD DEYVIDMAYKOL	0
1193384209	218010046	CASTRO RUIZ ANDERSON GEOVANNY	0
1085950922	218010063	CORAL JACOME FARIDTH MAURICIO	0
1193034383	218010103	GOYES BOTINA MARIA FERNANDA	0
1000063499	218010129	LASSOLASSO DANIELFELIPE	0
1089196820	218010147	MELOPATIÑO MICHAELGEOVANNY	0
1085293823	218010152	MONTENEGRO MICOLTA RICHARD ALBERTO	0
1010140258	218010189	PACHAJOAMERA ANGIEJULIANA	0
1085338427	218010231	RODRIGUEZANDRADE GUSTAVOADOLFO	0
1085278021	218010280	VILLOTA ARTEAGA DANIEL ESTEBAN	0
1004564437	218011104	DIAZ SOLARTE JULIANA MERCEDES	0
1086140249	218011168	LOPEZ REYES DAVID FELIPE	0
1086332751	218011173	MANCHABAJOY ORTEGA JIMENA DAIRA	0
1004232477	218011231	PALACIOS DIAZ ISABELLA FERNANDA	0
1085321761	218011237	PAREDES RUIZ JOHN JAIRO	0
1086018014	218013057	CHINCHA JOSE LUIS	0
1084228168	218013067	CRIOLLO JOJOA MARIA ISABELA	0
1004215437	218018142	LASSO GOYES DILAN ANDRES	0
1193513782	218018213	ORTEGA BENAVIDES MARIA EMILIA	0
1004232595	218027004	ANDRADE HERNANDEZ ANGIE ESMERALDA	0
1085323947	218027044	CHAMORRO ALMEIDA LILIAM VANESSA	0
1010057321	218027049	CHAMORRO TAPIA DAVID SANTIAGO	0
1004133621	218027051	CHAMORRO ZAMBRANO DAYRA GISELLA	0
1004540075	218027056	CHAVEZ BARCO YEISON GERARDO	0
1085324757	218027066	CUSIS PORTILLO HERNAN ESTEBAN	0
87070096	218027068	ERASO YELA FERNANDO MARIO	0
1233188889	218027071	ANGIEESMERALDA ESPAÑAYEPEZ	0
1086137685	218027078	GARCIA ZAMUDIO DANNA SOFIA	0
1086925905	218027081	GOMEZ ORTIZ YENNY DEYANITH	0
1085345822	218027103	LEONLEON EVELYNGISSELL	0
1010129936	218027107	LOPEZBETANCOURTH ANGIEVANESSA	0
1085346108	218027164	PALACIOS RUANO JAMES FREDDY	0
52868989	218027178	PORTILLA RUIZ JENNY PATRICIA	0
1085324235	218028044	JULLYANDREA BOTINAFIGUEROA	0
1233193771	218028336	RODRIGUEZ GUERRERO JOSE ALEJANDRO	0
1193255392	218028352	SALAS FOLLECO JACOBO	0
59310254	218031041	BURBANO BURBANO GLORIA YANETH	0
1083814110	218033007	ALVEAR MARTINEZ DILSON ALDAIR	0
1086107460	218033021	ARTEAGA CORAL CARLOS	0
1004131992	218033068	BURBANO DORADO RODIAN NICOLAS	0
1004214727	218033182	ERASO TUMAL CATALINA	0
1013631444	218033273	JURADOGONZALES WEIMAR	0
1085346696	218033409	PALACIOS DELGADO KEVIN STIVEN	0
1085345640	218033470	RIASCOSHERNANDEZ BAYRONSTEVEN	0
1085952141	218034016	ATIS REVELO BRAYAN ESTIVEN	0
1080043977	218034054	CAICEDOGETIAL GIANNIAVALERIA	0
1085304649	218034232	MONTANCHEZ MONTANCHEZ PAOLA ANDREA	0
1085343980	218035030	BETANCOURTH RIASCOS DIANA CAROLINA	0
1085341971	218035046	CABRERA CARPIO MARIA BELEN	0
1004742823	218035104	FIGUEROA URBANO ANA LEIDY	0
1086363574	218035151	LOPEZ RODRIGUEZ JEYSON DAVID	0
1085663894	218035183	MUÑOZ JURADO ANGIE TATIANA	0
1007736199	218035187	NARVAEZ REINA CAMILA MARIA	0
1085346422	218035304	ZAMBRANO TAPIA ERIKA ALEXANDRA	0
1087425078	218036019	INGRID CATHERYN CABRERA RUALES	0
1086549913	218036036	CHAVES ARGOTE DIEGO SAUL	0
1085950764	218036084	LOPEZ ROSERO LUIS EDUARDO	0
1193377140	218041015	ARTEAGA ROSERO MAYRA ALEJANDRA	0
1131085218	218041082	CORDOBA EDISON ARBEY	0
1004509030	218041124	GELPUD GUANCHA SARITA	0
1010116865	218041142	GUERREROVILLOTA ZULLYNATHALI	0
1233188230	218041224	MUÑOZ GUACHAVEZ DUVAN STIVEN	0
1193223056	218041307	SALAS GONZALEZ JESUS DAVID	0
1010100903	218041343	VERAGALLARDO JUANDAVID	0
1193470014	218043352	PASQUEL TAPIA JUAN SEBASTIAN	0
1010096685	218043394	RIASCOS ROSERO KEVIN ALEXIS	0
1085341896	218043442	TATICUAN URBINA ESTEBAN FRANCISCO	0
1085941750	218048054	ERASO PAZ JESSICA DANIELA	0
1086019767	218048061	DAVIDESTEBAN GUSTINCRIOLLO	0
1004490895	218048079	LEIDISUSANA MARQUEZVALENZUELA	0
1007254247	218048122	SALAS SEGOVIA MAGALY CAROLINA	0
1088737863	218051007	ALMAZA MORALES MARIA RUBY	0
1010144261	218051098	CASTRO BASTIDAS MARIA LUISA	0
98356541	218051150	CUATIN NAVARRETE JUAN CARLOS	0
1085334478	218051194	GARCIA MORA ANGIE MELISSA	0
1085663978	218051208	GUERRA CORDOBA YUCELLY STHEPHANIA	0
1085335829	218052116	CORAL ROSERO ANA GABRIELA	0
1085347587	218052181	GONZALEZ DELGADO JUAN CAMILO	0
12754224	218052189	GUERRERO GUERRERO HAROLD ALEXANDER	0
1087961368	218052212	INSUASTY PORTILLO JESIKA MARIBEL	0
1088734823	218052240	MADRONERO MELO OSCAR JAVIER	0
1085309423	218052261	MESA CANTUCA KAREN DAYANA	0
1085305452	218052265	MICANQUER SANTACRUZ ALEXIS MAURICIO	0
1086499812	218052301	ORBESVILLACORTE NATHALIAKATHERINE	0
1004190652	218059030	CASTILLO MONTILLA CRISTHIAN STEVEN	0
1085330597	218059073	GUERRERO GOMEZ DIEGO FERNANDO	0
1193504162	218060054	FIGUEROA ROSERO GABRIELA	0
1085295597	218060076	JURADO BURBANO JULIAN HOMERO	0
1061785366	218060125	QUIROZMUNOZ DAVIDERNESTO	0
1193385925	218060129	RAMOS GUANCHA RENE DANIEL	0
1087674556	218060139	ROMERO ROSERO DUVAN JHON JAIRO	0
1192808879	218060142	ROSERO CHAMORRO MARIA DE LOS ANGELES	0
1004214844	218060154	TULCAN NARVAEZ DIANA CAROLINA	0
1233191803	218071004	AGUDELO ROZO ADRIAN FERNANDO	0
1007274439	218071120	CULCHAC PORTILLO JONATHAN ESTID	0
1085944244	218071341	VALENCIALOPEZ YESSICAYURLEY	0
1010035239	218073192	PAZ BOLAÑOS MARIA ALEJANDRA	0
1085310684	218073215	RIVASLUCERO INGRIDELICETH	0
1087422274	218076196	ESTACIO CANCHALA LIZETH GERALDINE	0
1004134498	218076291	LOPEZ CRIOLLO LEIDY VANESSA	0
1085919648	218076349	MORAN CUMBALAZA LUIS CARLOS	0
1087201543	218083004	ANGULO CUELLAR ROSA ANGELICA	0
1004640150	218083027	ELIZAUD CADENAGARCES	0
1087206787	218083035	CARDENAS VASQUEZ LORENA PAOLA	0
1004608475	218083037	CASTILLO AGUAS ADRIANA LUCIA	0
1087185946	218083038	CASTILLO CAISEDO JHON CRISTIAN	0
1004640048	218083082	HURTADO ROSALES YULIANA	0
1004607128	218083085	LANDAZURI MOSQUERA ANGIE YISELTH	0
1116281703	218083102	MAYRADANIELA MORENOREBOLLEDO	0
1087208419	218083129	CINDYYULIANA PRADOCORTES	0
1004637671	218083163	SALAZAR SANCHEZ CINDY CARMELA	0
1007816291	218089005	ACOSTA CASTRO KAREN YOMARA	0
1010011892	218089076	BOTINA LOPEZ KAROLL VANESSA	0
1053873502	218089246	HOYOS ERASO SEBASTIAN FELIPE	0
1233194589	218089348	NARVAEZ MORALES DIANA SOFIA	0
1085334517	218089437	RODRIGUEZ ROMERO DAVID ANDRES	0
1233193240	218089454	ROSERO BENAVIDES DAVID ALEXANDER	0
1001056904	218095123	GONZALEZ GALVIS LEIDY DAYANNA	0
1085313538	218102001	ABAHONZA BURGOS EVELYN TATIANA	0
1085343904	218102195	CUASPUDMALES NARLYMAYELY	0
1004631395	218102277	GARCIA CHAVEZ ANYI PAOLA	0
1107511319	218102621	SILVA GOMEZ KARLA DANIELA	0
1004214241	218104115	ERASO ASMAZA SOFIA LIZETH	0
1233191644	218104279	RAMIREZCORAL JASMINSTEFANIA	0
1010141968	218104282	RAMIREZZAMBRANO PAOLAANDREA	0
1085324964	218105138	DUARTE CHAVES EDUARDO JESUS	0
1085339674	218105288	PAZ MARTINEZ ANGELA PATRICIA	0
1086896539	218105330	RIASCOS SOLARTE ERICA ALEJANDRA	0
1085254104	218108031	BASTIDAS PARRA CHRISTIAN CAMILO	0
1085326012	218108162	INSUASTI VELASQUEZ INGRID JULIETA	0
1085333861	218108292	ROSERO MORALES RUBBY AYDEE	0
1085293026	218109107	IRGUA CUASPUD WILLIAM ANDRES	0
1085343186	218109169	QUITIAQUEZ LUNA JOSE FERNEY	0
1085321956	218116143	GALLARDO BERNAL KAREN ANDREA	0
1233191988	218116194	LOPEZ CASANOVA JAIR ALEXANDER	0
1010093922	218116249	ORTIZ CORAL NEFER SELENE	0
1085330124	218122011	ARCOS YELA JUAN SEBASTIAN	0
1010142412	218122017	BASTIDAS MORENO YOVANA MARCELA	0
1004189943	218122018	BASTIDAS ORTEGA FERNANDA LUISA	0
1087960732	218122049	CARLOSAMAPARRA MARIAFERNANDA	0
1085344383	218122204	PANTOJA BASTIDAS INGRID CAROLINA	0
1085338617	218122273	YAQUENO PASCUAZA LUIS GERARDO	0
1004593896	218123005	ANDRADE ERAZO KAREN ESTEFANY	0
1193385521	218123041	CAICEDO SILVA JULIANA MARCELA	0
1192746145	218123074	CORTES CERON DIANA MERCEDES	0
1085344668	218123180	MUÑOZ BOTINA DIANA MARCELA	0
1233190361	218123285	TAUTAS PEREZ MANUEL FERNANDO	0
1004549969	218127009	AZA BASTIDAS ANGIE LORENA	0
1007602547	218127032	CHAVES REALPE DANIEL MAURICIO	0
1003752471	218127055	GONZALEZ RINCON ANDRES IVAN	0
1193037501	218127065	LASSO REYES DEISY MARIA	0
1144069301	218127089	CRISTIAN ALEJANDRO ORTIZ SALCEDO	0
1086895713	218127124	TOBARVILLOTA IVANALEXANDER	0
1004618281	218127125	ÁNGEL GABRIEL TORRES HURTADO	0
1085338027	218129041	CERON SANTACRUZ CAROLINA ALEXANDRA	0
1004232450	218129075	GALVIS BURBANO YARITZA DEL CARMEN	0
1082748865	218134001	TATIANAYARITZA AGREDA GUERRERO	0
1087118086	218134019	ARROYO ERAZO ANGELLY JOHANA	0
1004640222	218134034	CARABALI RIASCOS ANA MILEIDY	0
1006955708	218134040	ROSALINDA CASTILLOMENDEZ	0
59676392	218134053	CORTES VILLA CARMEN VIVIANA	0
59687480	218134054	CUERO MARIA ANGELICA	0
98431410	218134056	CUERO QUIÑONES JUAN ALBERTO	0
1087206669	218134064	EDUARANDRES GARCIAESTACIO	0
1004639958	218134073	GUERRERO FORI MARIA ANGELICA	0
1087210004	218134117	JAYALENI PAZVALENCIA	0
1151198853	218134123	LUZDARI PRECIADOCORTES	0
1087200820	218134130	QUINTERO VELEZ EMMA ZURANY	0
59683363	218134135	QUIÑONES ANGULO MARILUZ	0
1007751583	218140007	ARCINIEGASALMEIDA CARLOSJHOINER	0
1087426672	218140026	BOLAÑOS MOLANO YESIKA VIVIANA	0
1004133852	218140030	BURBANO NARVAEZ JUAN CAMILO	0
1004678017	218140193	REVELO CANIZARES YANITH OLVERY	0
1087425144	218142001	ACHI POLO ANDERSON FABIAN	0
1087419889	218142109	DIANAVERONICA RAMIREZAZAIN	0
1089847987	218142123	EDIXONSANTIAGO SOLARTEBASANTE	0
1087416054	218146033	CALDERON CUATAPI EDWIN JAVIER	0
1085348021	218146034	DIANAMARITZA CALDERONPUERRES	0
1087418714	218146037	CARDENAS LEITON KAREN ELIZABETH	0
1087648343	218146040	CERON CORDOBA HELENA MARY	0
1087426042	218146052	ERASO TELLO NATALLY ALEXANDRA	0
1087422957	218146078	MERA RAMIREZ EDILIA DAYANA	0
1107073885	218151012	BENAVIDES COIME PABLO ANDRES	0
1087185771	218151047	HERNANDEZ VALDES DELIO ANDRES	0
1087213240	218151087	RODRIGUEZ BASTIDAS CRISTIAN MARCELO	0
1024507418	218151092	ALBERTO ROSERO	0
1087206355	218151100	JONATHAN HARTH VALENCIA MONTAÑO	0
1089848173	218155026	BASTIDAS BASTIDAS DAIRON MAURICIO	0
1061808755	218155085	DIAZ JUAGINOY ANGIE DANIELA	0
1085342240	218158034	BRAVO CHAMORRO HELEN DAYANNA	0
1004232679	218158069	CORDOBA BASTIDAS LESLY MABEL	0
1085318306	218158073	CRIOLLO FIGUEROA ANDREA ISABEL	0
1085283355	218158088	ENRIQUEZ DESCANCE JONNATHAN DAVID	0
1083814186	218158117	GUERRERO MUÑOZ JALINE ESTEFANIA	0
1193035715	218158139	JOJOA GUADIR DIANA SOFIA	0
1010146649	218158141	JOJOA PAZ EVELYN DANIELA	0
1085327833	218158192	MORA MONCAYO DANIEL FERNANDO	0
1085338238	218158325	ZAMBRANO HIDALGO JOSE GABRIEL	0
1193218677	218160097	CHAVEZ CAIPE ERICK SEBASTIAN	0
1030628347	218160120	DUQUE BERMUDEZ JUAN CAMILO	0
1143967869	218160213	MARTINEZORDOÑEZ JHOANSEBASTIAN	0
1088976623	218160245	MUÑOZ GOMEZ DAISSY CATHERINE	0
1004134368	218179060	CAMPIÑOPORTILLA EDDIESANTIAGO	0
1085334792	218179326	SALGADO FINO EDUIN ANDRES	0
1080045962	218179361	VILLOTAROSERO GISELLADENNIS	0
1088737876	218179367	YELA ESPINOSA YESICA YOLIMA	0
1085941914	218180003	ATIS MUÑOZ RAFAEL RICARDO	0
1085945521	218180014	BUSTOS MENESES EDISON FABIAN	0
1085945484	218180043	PAULAANDREA CUASPATACAN	0
1085935476	218180083	LIDIAESPERANZA MUESESVACA	0
1004747098	218182026	BOLAÑOS QUIÑONES CRISTIAN IVAN	0
1004610401	218182058	DIAZ RIVERA PAOLA ANDREA	0
1004637549	218182080	LANDAZURI MONTANO MARIA VANESSA	0
1193032909	218182091	MONTAÑO CAMPAZ DENILSON JAIR	0
1087210550	218182100	ORDOÑEZ MEJIA ALEXA FERNANDA	0
1004608505	218182127	REINA QUIÑONES BETSY MILENA	0
1087792019	218182130	REYES GRUESO KAREN SADALLA	0
1004608136	218182137	RODRIGUEZ REQUENE PAULA ANDREA	0
1087202816	218182159	VALENCIA QUIÑONES JHONNY JAVIER	0
1087212095	218182160	VALLECILLA GUTIERREZ JULIO ENRIQUE	0
1061815340	218191003	ALBANMORENO ARYFRANCISCO	0
1088736168	218191017	BASANTEANDRADE DANIELAALEJANDRA	0
1004232607	218191086	DACHIARDI BENITEZ SOFIA VALENTINA	0
1233194606	218191141	INSUASTY CORDOBA ANGELA GABRIELA	0
1088736824	218191230	PANTOJA OBANDO YEISON ARLEY	0
1004572684	218191270	ROJAS NARVAEZ TANIA MARIA	0
1087425446	218192109	CHAVES REALPE CAMILO SEBASTIAN	0
1193467425	218192150	DELGADO DORADO SEBASTIAN DANIEL	0
1233190840	218192205	GUERRERO BENAVIDES CESAR ANDRES	0
1010123256	218192431	JUAN SEBASTIÁN ROSERO BASTIDAS	0
1085342390	218192459	TIMANA NUPAN ANGEL ALEJANDRO	0
1085950067	218194011	BENAVIDES TORO MAGALI MIREYA	0
1085636379	218194073	LUCERO BRAVO ALEJANDRO	0
1004550045	218194085	NARVAEZ ARIAS ADELA ALEJANDRA	0
1085341946	218194095	ANDRES PEREZ ESPAÑA	0
1085345137	218198007	ALVEAR GARCIA YAMILE CRISTINA	0
1233190372	218198032	BOLAÑOS RIVERA JESSICA LORENA	0
1004610853	218198037	BRAVO DIAFARA LEICY KASSANDRA	0
1004538730	218198108	DIAZCUAYAL JINAMERLANIA	0
1193384191	218198151	GUERRA PAZ GERMAN	0
1085342152	218198152	GUERRA PIZARA DHAMAR ESTHEPHANNIE	0
1233194160	218198169	JOSSABRAVO NATALIACAROLINA	0
1233191464	218198227	MORALESEGAS LUISAFERNANDA	0
1233192135	218198380	ZAMBRANOACOSTA LIZETHMARCELA	0
1233192465	219006015	LUISAMARIA ARIASVELASQUEZ	0
1192910795	219006059	CASTRO ZAMBRANO DIANA CAROLINA	0
1083925247	219006121	ESPAÑA CÓRDOBA YURI LUCENY	0
1192744569	219006210	MELO GUATA KEVIN CRISTIAN	0
1193405893	219006251	KAROLDANIELA ORTEGARUIZ	0
1085340001	219006332	SILVA ROSERO JORGE ARMANDO	0
1193218710	219010008	ANDRADE GELPUD VICTOR MANUEL	0
1085346067	219010097	IBAÑEZ DIAZ EDWARD ANDRES	0
1004770630	219010106	TORO BENAVIDES JESUS ESTEBAN	0
1004191210	219010109	JOJOA JOJOA DAYAN RONALDO	0
1085345855	219010112	JURADOMARCILLO DALYSTALHIA	0
1233193728	219010168	PIANDOY PEJENDINO ANGELA FERNANDA	0
1004214774	219010174	PUMALPA TELLO MARCELA RUTH	0
1004338562	219010193	ROJAS DE LA CRUZ MARIA ISABEL	0
1004135488	219010211	TORRES SOLARTE ANA SOFIA	0
1085253443	219010214	TRUJILLO CASADIEGO HAROLD EDISON	0
1080042238	219010215	UCSAMA RUIZ JEISON CAMILO	0
1080041826	219011024	BARCO ORTEGA CHARLY ANDRES	0
1007164241	219011028	BASTIDAS MOLINA DANIER CAMILO	0
1085334721	219011214	OSORIOMENDOZA INGRIDCATHERINE	0
1004538719	219011243	REGALADO JEFFERSON DANIEL	0
1193034049	219011294	ZAMBRANO JIMENEZ DAVID FELIPE	0
1233192603	219013164	IBAÑEZ TAUTAS MARIO DANIEL	0
1089848407	219013247	ORTEGACABRERA ANGELAMARIA	0
1193224194	219013268	PEREZ NASPIRAN ERIKA SOFIA	0
1193036392	219013289	REYES PARREÑO DIANA CAROLINA	0
1004217517	219018085	MELO RUALES MARIA AMELIA	0
1010119949	219018109	ORTIZ ORTIZ JOSE ALEJANDRO	0
1004598329	219018140	ROSERO PATIÑO ANDERSON FELIPE	0
1004714424	219018145	SOLARTE RODRIGUEZ YESID SEBASTIAN	0
1192806589	219031056	CASTROZAMBRANO MARIAISABEL	0
1004540761	219031217	PORTILLOALMEIDA CRISTIANANDRES	0
1193575558	219033046	BENAVIDES ARCOS DAVID ESTEBAN	0
1004255709	219033176	DELGADO ORDOÑEZ CARLOS ESTEBAN	0
1086019945	219033202	ESPAÑA ESPAÑA LEIDY YURANI	0
1010097602	219033434	PAZ DEVRIES DANIEL ESTEBAN	0
1193255280	219034120	CRIOLLO LOPEZ DANA MARYELY	0
1192755355	219034208	JIMENEZ CERON JESUS GABRIEL	0
1085953064	219035174	LUCEROYANDUN EVELINJULIETH	0
1085330257	219035246	PAREDES DONOSO DIEGO ANDRES	0
1010147586	219035286	ROSEROMORENO KEVINMAURICIO	0
1082658728	219035309	TOBAR MEZA LEYI VALERIA	0
1085943000	219036017	BARAHONA CHAMORRO ALEJANDRA PAOLA	0
1193030511	219036162	PAZ MORILLO JULIAN ANDRES	0
1233192729	219041026	BELTRANORDOÑEZ LIZETHDANIELA	0
1085307481	219041067	ENRIQUEZ GELPUD ANGIE ANDREA	0
1085296023	219041178	PEREZ BEDOYA GALO JOHANN	0
1085334180	219041212	ROMERO RODRIGUEZ SEBASTIAN FELIPE	0
1004563965	219043018	ARTEAGA PUPIALES JULIETH ALEXANDRA	0
1085347288	219043111	DELGADOJOJOA JAIMEFELIPE	0
1004190868	219043209	CRISTIANALEXANDER MELOBETANCOURTH	0
1004472625	219043245	ORDOÑEZ ERASO CLAUDIA NAYELI	0
1085252071	219043261	PANTOJA PEREZ MARIA ALEJANDRINA	0
1085340920	219043274	PINCHAO NARVAEZ DANIELA ALEXANDRA	0
1086106122	219048063	JIMENEZ LUCERO JOHANA MARITZA	0
1004593872	219048071	MANSO MORENO NERLY DAYANA	0
1089488408	219048072	MANSO MORENO NEYIRETH JULIANA	0
1007282011	219048087	MORA PORTILLO LORENA ANGEE	0
1193541312	219048121	PISTALA RECALDE DAYANA MELANY	0
1004508337	219051095	DIAZ ENRIQUEZ JENNIFER TATIANA	0
1085331147	219051101	ERAZO CHAVES JULIANA MERCEDES	0
1085312480	219051197	OBANDO MONTENEGRO MARIO ANDRES	0
1088654148	219051227	PATIÑO PORTILLA BRANDON ALEXIS	0
1004133429	219051263	ROSERO BARRERO ANA MARIA	0
1193469775	219051297	VALLEJOCEPEDA DANIELAALEXANDRA	0
1040746840	219051312	ZAPATA ZAPATA JOHANA	0
1085347575	219052184	PORTILLA CAJIGAS MARIA PAULA	0
1085333814	219052197	ROMO ALVAREZ ADRIANA STEPHANIE	0
1085945603	219052216	SARASTY ARIAS MARYORY CATHERINE	0
1085278141	219057039	ERAZO GUERRERO ALVARO JOSE	0
1085320021	219057070	PAREDES DONOSO DAVID FELIPE	0
1085330108	219057106	VILLOTA MARTINEZ YUDANCI GRECHE	0
1193271397	219059091	MUÑOZ MARTINEZ SARA TATIANA	0
1193201477	219060011	ARMERO CERON HECTOR ALEJANDRO	0
1086332211	219060017	BOLAÑOS MATABAJOY DIEGO MANUEL	0
1004509242	219060025	BURBANO ROSERO ESTEBAN SANTIAGO	0
1004598564	219060052	ENRIQUEZ DIAZ MARIA LIGIA	0
1085341356	219060078	JOJOA ACHICANOY GISEL GABRIELA	0
1089197346	219060095	MEZA LOPEZ CRISTIAN HANS	0
1193478786	219060113	PAZ PAZ JOHAN SEBASTIAN	0
1085279805	219060164	VILLARREAL ORDOÑEZ OMAR JOSE ALEJANDRO	0
1193385678	219071051	CAICEDOSEGOVIA CAMILANOELIA	0
1010116746	219071065	CASTILLO PAZ ANGELLY ESTHER	0
1075276542	219071079	CERONPERDOMO BETTYYADIRI	0
1192768129	219071092	CORAL YARPAZ ERIKA JULIETH	0
1122786751	219071121	ESPAÑA CHICUNQUE ANGIE JOHANA	0
1193271691	219071168	IBAÑEZ TAUTAS ANGIE LIZETH	0
1004489599	219071178	JOJOA PEJENDINO CIELO MARIA	0
1085340812	219071294	REYESGELPUD MARIAPAULA	0
1004338474	219071317	ROSERO POTOSI ESTEBAN YERLINSON	0
1085345646	219073057	CHAUCANEZ BURBANO ALISON DAYANA	0
1233193744	219073080	DE LA CRUZ DELGADO JUAN DIEGO	0
1004214869	219073201	ORDOÑEZ ERASO NATHALY ALEXANDRA	0
1089348812	219073282	URBANO ROJAS DIANA MILENA	0
1082658683	219073297	YELA YELA RONAL STIVEN	0
1004577199	219073304	ZAMBRANO USAMA DASLY MARYIBE	0
1086363720	219076005	JIMENEZ PANTOJA LIZETH DANIELA	0
1085297955	219076077	BASTIDAS RUALES ANYELA LIZETH	0
1087205056	219083021	ARBOLEDA IBARRA LEIDY JHOANA	0
1004617150	219083065	CAICEDO CASTILLO CARLOS JULIO	0
1012426617	219083067	JESSICAFERNANDA CAICEDOSÁNCHEZ	0
1004613083	219083087	MARIAALEJANDRA CASTILLOANDRADE	0
1004620682	219083091	CASTILLO ARIZALA GINNE JULIANA	0
1085922558	219083101	CASTILLO ROJAS LAURA VIRGINIA	0
1087204123	219083107	JASSIRADRIANA CASTROANGULO	0
1004214225	219083147	DELGADO BASTIDAS ARIADNE MARIA CONCEPCIÓN	0
1094950173	219083151	BRAYANSTIVEN ENRIQUEZORTIZ	0
1004608308	219083153	GERALDINEANDREA ENRIQUEZSEGURA	0
1235288268	219083159	JHAYNNERDAVID ESPAÑALANDAZURY	0
1087211861	219083163	DAYANA ESTACIOESTACIO	0
1004612198	219083175	BRIANALIZETH GARCIAQUIÑONES	0
1004615289	219083183	SONIASELENA GOMEZSEGURA	0
1004607529	219083193	GUERRA CASIERRA DILAN CAMILO	0
1087126824	219083207	JIMENEZ BUILA YUSEL KARINA	0
1087116625	219083237	MARIAISABEL MIDEROSGARCIA	0
1010111894	219083245	YIRLEYFERNANDA MONÁREINA	0
1004617566	219083275	PAZ VALENCIA LEICY	0
1004614433	219083293	QUIÑONES CORTES JUAN SEBASTIAN	0
1004614436	219083295	QUIÑONES CORTES NELLY CAROLINA	0
1004747088	219083385	MARISOL ZUÑIGAQUIÑONES	0
1004597750	219089004	ALVAREZMORA MELANYNAYERLY	0
1004561399	219089047	BUESAQUILLOURBANO JESUSARNULFO	0
1085324261	219089091	CHAPAL YAQUENO JENNY CAROLINA	0
1085321296	219089114	DELA CRUZ GUALGUAN JOSELUIS	0
1193385469	219089218	LOPEZ ESTRADA JESSIKA NATHALIA	0
1085309086	219089277	MUÑOZ GOMEZ ANDRES CRISTIAN	0
1193482469	219089402	TUPAZMAIGUAL LUISAFERNANDA	0
1193200771	219095114	GALVIS BURBANO INGRID LORENA	0
1004235516	219102463	PANTOJAARCOS JENNIFERALEJANDRA	0
1085346330	219102528	RAMIREZ ENRIQUEZ IVANNA ISABELLA	0
1193125615	219104290	NARVAEZ DOMINGUEZ MARIA ALEJANDRA	0
1233190321	219104318	ORTEGA POLO GABRIELA NATALY	0
1085327866	219104373	RIVERA MARIA ROSA	0
1193255416	219104448	VALLEJO CERON JULIANA FERNANDA	0
1233194142	219105053	CAICEDO YEPEZ GABRIELA ANGIE	0
1193470412	219105072	CERON GUTIERREZ GABRIELA	0
1004674958	219105304	RODRÍGUEZ ARELLANO ZAYRA CAMILA	0
1086106815	219105355	VILLOTA TOBAR JESSIKA ANDREA	0
1004535161	219108056	CABRERA GUSTIN YASMIN ALEXANDRA	0
1085346335	219108198	PADILLA TARAPUEZ LUIGGI SEBASTIAN	0
1088599441	219108237	ROSERO LOPEZ GABRIELA ANGIE	0
1004508670	219108267	AYALAVELASQUEZ ANGIECAROLINA	0
1085345231	219109089	LÓPEZ RAMOS MARELIN DENNIS	0
1082749458	219109147	RECALDE MIRAMA JOHN EDISON	0
1233189985	219109174	4 MAIGUAL FERNANDO DARIO	0
1192745485	219116134	IBARRA TOBAR LUIS SEBASTIAN	0
1089847952	219116289	ZULEIMASORAYA ROSEROROMO	0
1004572884	219116300	SALASOLIVA INESALEJANDRA	0
1085323948	219116302	SANTIAGO SALAZAR MARTÍNEZ	0
1010101151	219116332	VALENCIA ENRIQUEZ DANIELA ESTEFANIA	0
1086107833	219123042	CEPEDA CUAYAL ANGGIE YALIZED	0
1085690876	219123055	CHAUZA ROSERO YOVAN ARMANDO	0
1085345544	219123061	CORREA NARVAEZ ANGELO GABRIEL	0
1085244782	219123066	CUARAN ESCOBAR TALIA VANESA	0
1004410615	219123124	HERRERA DAVID JULIAN	0
1010143185	219123145	LOPEZ TOBAR JERSON STEVEN	0
1004232503	219123205	PONCE LOPEZ DIANA MARCELA	0
1193279452	219123214	QUINTERO DORADO LUISA MARÍA	0
1193201464	219123241	RUANO ZUÑIGA CRISTIAN JEFREY	0
1193275723	219127006	ANDRADE MELO DIEGO NICOLAS	0
1193275725	219127007	ANDRADE MELO JESUS ANDRES	0
1087619826	219127010	ARCINIEGASLOPEZ OSCARANDRES	0
1085342335	219127048	DAVILA ORTEGA ANGIE MARCELA	0
1083752994	219127096	MASINSOY CHACHINOY MARIA DEL CARMEN	0
1086725791	219127141	RODRIGUEZ CARVAJAL NELLY	0
1085335179	219127154	SANTACRUZ MORA JOHANA STEFANY	0
1085269613	219129030	BUESAQUILLO CUAICUAN NATHALY KATHERINE	0
1193469742	219129065	DELGADO SALAS FRANK CAMILO	0
1085345267	219129178	RUIZ GUTIERREZ DANILO HERNANDO	0
1193481778	219140079	DE LA PORTILLA PORTILLO LIZETH GABRIELA	0
1004539543	219140202	QUIROZ MORAN YANETH DEL ROSARIO	0
1193034402	219140209	RIASCOS DELGADO CAMILA FERNANDA	0
1007602392	219142005	ALVAREZ MARTINEZ SANTIAGO	0
1004771676	219142010	JAIMEEDUARDO BENAVIDESCERÓN	0
1007736558	219142037	ESTRADA ARTEAGA LISBETH FERNANDA	0
1087425680	219142058	YADIRAALEJANDRA MAYACALDERON	0
1089295056	219142071	OLIVA FLOREZ DIANA YURANY	0
1087424485	219142075	PANTOJA CALPA CARLOS DAVID	0
1089847863	219142087	LILIANAARACELY PULZARACUNDAR	0
1004714248	219142110	RUIZ GOYES CRISTIAN AFRANIO	0
1004564268	219146007	ASMAZA BENAVIDES DIANA CATALINA	0
1007602661	219146022	CHALPARTAR PALACIOS EDGAR RONALDO	0
1004624568	219146074	PANTOJA DIAZ DAVID SEBASTIAN	0
1010081812	219146084	CARLOSJAHIR PORTILLOBURBANO	0
1062329144	219146098	RIVERA BALANTA CARLOS MARIO	0
1233191323	219147045	BOTINACHAVEZ JHONJAIRO	0
1004133764	219147125	CUCHALA DELGADO MARIA CAMILA	0
1004235649	219147134	DELGADO GUAITARILLA MILLER STEVEN	0
1085335159	219147150	ERAZO REINA CARLOS ANDRES	0
1085329021	219147388	DUVAN JARED RODRIGUEZ RAMIREZ	0
1010145698	219147399	ROSERO CHAMORRO ANGELA SOFIA	0
1004612220	219151032	ESPAÑA CORTES FABIO JHON	0
1087203767	219151060	MARQUINEZ SALAZAR DIEGO FERNANDO	0
1193511204	219151067	MIDEROS ARBOLEDA KAREN SOFIA	0
1000331353	219151075	PALACIOS JARAMILLO ASTRID SELENA	0
1004612119	219151087	QUIÑONES PALACIOS FERNANDA LISETH	0
1085690855	219155160	DAZA BOLAÑOS JAROL JHOSEL	0
1081595432	219155346	ORDOÑEZ MARTINEZ BRAYAN MATEO	0
1085344527	219158223	GALVIZ MEJIA NICOLAS	0
1085295676	219158320	MARCILLO - JAZMIN NATALY	0
1088654097	219158371	MORILLO HERNANDEZ BRAYAN MAURICIO	0
1087425099	219158468	INGRIDANIELA PULZARAESTRADA	0
1085332620	219158537	SANTACRUZ PORTILLA INGRID JOHANA	0
1004580030	219160015	ARCOS PINCHAO JAIDER SEBASTIAN	0
1004236470	219160161	JOJOA BURBANO MICHAEL SANTIAGO	0
1010080553	219160198	MORA GRANJA ESTIVEN SEBASTIAN	0
1087648055	219160261	RANGEL GOMEZ BRAYAN STIVEN	0
1085339137	219160283	ROJAS TIMARAN HEYDER FELIPE	0
1193561358	219160332	VALLEJORESTREPO JUANDIEGO	0
1019134032	219179006	AMAYA MENDEZ HANNY MICHEL	0
1233189797	219179008	ARAUJO BUCHELI FRANCISCO JAVIER	0
1004190843	219179043	BRAVO ZAMBRANO HARY JULIANA	0
1004547024	219179056	CAICEDO BOLAÑOS DIANA ALEJANDRA	0
1010141255	219179106	ERASO PANTOJA VANESSA ANGIE	0
1087647640	219179122	GOMEZ ROSERO DANILO SEBASTIAN	0
1085296796	219179153	JOJOA MIRAMAG EDWIN FERNANDO	0
1085951880	219180002	KAREN BRIYID ACOSTA CHILANGUAY	0
1192792130	219180036	CORAL RIVADENEIRA JHON SEBASTIAN	0
1007268275	219180064	GAVIRIA LÓPEZ HAROLD FERNEY	0
1085950205	219180158	RUANO DE LA CRUZ ERIKA DANIELA	0
1087210455	219182004	KEILA ANGULO	0
1010108792	219182007	ANGULO SOLIS BREINER DAVID	0
1004550122	219182023	CALPA BOLAÑOS KAROLAY BRIGITH	0
1087800294	219182026	CASIERRA MARINEZ KELLY VANESA	0
1004597303	219182061	LUCANO PASCUAZA LEIVY JOHANA	0
1087201123	219182102	QUIÑONES ORDOÑEZ YOSELIN TATIANA	0
1087792029	219182106	REYES GRUESO ANDRES CAMILO	0
1089556203	219182118	SALAZAR CABEZAS WENDY CECILIA	0
1087186870	219182123	SEGURA CAMACHO ALISON NATHALY	0
1003516214	219182146	VARGAS OROBIO JENNY DANIELA	0
1193271604	219191013	BASANTE VALENCIA CRISTIAN DAVID	0
1086328662	219191026	BOLAÑOS MOJANA DARIO GERMAN	0
1004214971	219191039	CALDERON ROMO LUZ DANIELA	0
1004580231	219191126	JACOME CUARAN JUAN SEBASTIAN	0
1004214557	219192106	CORAL FARINANGO JEFERSON WILSON	0
1089846986	219192154	ERAZOCERON KELVINJEFFERSON	0
1010113980	219192322	MUESES PORTILLA YEFERSON DAVID	0
1010138797	219192380	PEREZPEÑA JORGEESTEBAN	0
1004517026	219194064	HERNANDEZ CORAL ANGIE TATIANA	0
1007268588	219194152	TAIMBUD CUESTA OSCAR MAURICIO	0
1004532861	219194162	VALENCIA CHAMORRO ANA LUCIA	0
1085348042	219195076	CHAMPUTIS ROSERO ASBLEIDY LIZETH	0
1010109272	219195115	DELGADO MORA ANGIE CAROLINA	0
1004771691	219195117	DELGADO PORTILLA FERNANDA NATHALY	0
1004439244	219195120	DIAZ MARTINEZ ALEXIS JULIANA	0
1086756767	219195179	HURTADO NARVAEZ BRAYAN FERNANDO	0
1010066125	219195412	YARPAZ MONTENEGRO CLAUDIA DANIELA	0
1233192635	219198037	CABRERA ESTRADA JOHANA PAOLA	0
1004214414	219198055	CHAPALQUINTANA ELIZABETHFERNANDA	0
1233191822	219198149	MAPALLO ZAMBRANO ANGIE LORENA	0
1010156616	219198211	QUEMA MEJIA TATIANA NAYELI	0
1004191402	220006010	TATIANAMARCELA ERAZOSUANCHA	0
1192817894	220006013	AMAYA BERMUDEZ MARIA FERNANDA	0
1233193327	220006015	PIARPUSAN ESPAÑA YULIANA KATHERINE	0
1192756332	220006026	MARTINEZ VELASQUEZ SEBASTIAN	0
1010097379	220006027	SALAZAR CARDENAS MARLON FERNEY	0
1004630403	220006031	GOMEZ MESIAS KAREN NAYELI	0
1193036113	220006033	ESCOBAR AREVALO SARA CAMILA	0
1193481693	220006045	VIVIANAXIMENA BEDOYAARIAS	0
1004508299	220006048	DELGADO ANGARITA DANIELA ALEJANDRA	0
1085278331	220006049	BENAVIDESBENAVIDES DAYANAPAOLA	0
1085341274	220010005	MORA TREJO ROGER IVAN	0
1080690097	220010006	CASTROTELA ANGELAVALERIA	0
1004338636	220010009	CUCHALA CARLOSAMA DIEGO ANDRES	0
1004192666	220010013	TOVAR PATIÑO JERSSON FELIPE	0
1233193888	220010014	LANDAZURI PARDO CRISTIAN DANIEL	0
1004234464	220010018	MONTÁNCHEZ TIMANÁ MARÍA FERNANDA	0
1006509370	220010020	LOPEZ TABERA DANIEL	0
1004235784	220010022	MARTINEZ VALENCIA BRAYAN ALEJANDRO	0
1085341410	220010041	ESPITIAMORENO JHONFRANKI	0
1004216288	220010043	MUÑOZ ESPINOSA ANGIE DAYANA	0
1085935786	220010056	IMBACUAN BASANTE ERICK ARMANDO	0
1004748883	220010059	JAIMESDAZA FREYMANKENNEN	0
1085261311	220010062	JUAJINOYALMEIDA ANGELAPAOLA	0
1085295104	220010064	GUERREROGARCIA DIANACAROLINA	0
1004235964	220011001	CHAUCANES ZAMBRANO IVAN DARIO	0
1004770634	220011018	CERON CERON JEISSON CAMILO	0
1010079665	220011112	CARLOSAMAQUINTERO DAYANAGABRIELA	0
1004135536	220011115	RAMOS RAMOS NATHALY	0
1004580051	220011117	GUAQUEZ QUIROZ NURY VANESSA	0
1193224293	220013002	GARCES CORDOBA HELLEN MELISSA	0
1131085881	220013005	SANTACRUZ VILLOTA LIZETH CAMILA	0
1193033102	220013010	ENRIQUEZ OVIEDO ALBA LUCY	0
1085336100	220013011	JUAN FELIPE SALAZAR	0
1004190516	220013013	RODRIGUEZ GUERRERO YESICA NATALIA	0
1085284110	220013025	RODRIGUEZTORRES LIZETHJOHANNA	0
1004580225	220013030	ROMERO MUÑOZ LAURA CATALINA	0
1082658772	220013031	ZAMBRANO MELO JULIETH ALEXANDRA	0
1085310652	220013039	NOGUERA ENRIQUEZ HUWER MATEO	0
1010140779	220013040	NASPIRAN DE LA CRUZ CAMILA ALEXANDRA	0
1233188899	220013053	GUERRERO BOLAÑOS JUAN JOSE	0
1004134658	220018001	FIGUEROA MUÑOZ ANA SOFIA	0
1004547910	220018020	DANNY DANILO AROS DAVID	0
1085327132	220018041	ESTRADA CASTILLO JAIRO ALEXIS	0
1004509028	220018044	MONTÁNCHEZ BETANCUR MICHAEL ANDRÉS	0
1193385523	220031011	DELGADO VALLEJO EDWIN FABIAN	0
1004134654	220031012	JUAJINOY LOPEZ JESSICA LORENA	0
1004625304	220031015	VALENCIA BENAVIDES HAROL ANDRES	0
1085344245	220031023	CHAVEZ OBANDO CRISTIAN RONALDO	0
1004561310	220031033	CORONEL ERAZO ANA ROSA	0
1004133716	220031035	MARTINEZ CORREA DANIEL FELIPE	0
1004676020	220031046	BURBANO ERASO DANNA JISHEL	0
1085345358	220031058	MARTINEZERASO LAURANATHALIA	0
1088654494	220033217	VILLOTA ALVARADO JUAN JOSE	0
1004540736	220033234	BARROS CARDENAS JUNIOR JUSETH	0
1089078027	220034116	DELGADO DELGADO JOSE LUIS	0
1193419521	220034146	HUALPA ASCUNTAR JHON OMAR	0
1004342987	220035076	BAYRONLEANDRO MARTINEZCASTILLO	0
1193218721	220035080	RODRIGUEZGOYES LUISAMARIA	0
1192742002	220035086	PANTOJA VALLEJO LUIS ALEJANDRO	0
1085327861	220035094	TOBAR BENAVIDES BRAYAN RICARDO	0
1004539561	220036019	BENAVIDES MALLAMA ANDRES SANTIAGO	0
1193275729	220036024	DELGADO DELGADO KAROL NAYELY	0
1004597177	220036030	MARTINEZ OJEDA DEIVER ESTIVEN	0
1085315195	220036061	NAVARRO ROJAS IVAN	0
1004539667	220036104	MENESES LIMAS JHON PABLO	0
1214742384	220041070	ESPAÑA CADENA ANGIE GABRIELA	0
1193033186	220041161	CERÓN PASAJE SAMUEL DAVID	0
1084552599	220041199	RIASCOS MARTINEZ LEIDER	0
1004214258	220043024	OLIVAHERNANDEZ JULIANESTEBAN	0
1193029302	220043025	PANTOJA PANTOJA LUIS FELIPE	0
1004192011	220043047	GUERRA ERAZO MARÍA VALENTINA	0
1085345722	220043049	LIZZETVANESSA CHINCHAJOATUMAL	0
1087648266	220043058	MARÍA CAMILA QUINCHUA DELGADO	0
1004191116	220043060	XIMENALICETH CASANOVACORDOBA	0
1004550031	220048015	MANGUA GOMEZ EDISON DUVAN	0
1004532893	220048016	MARIACAMILA PORTILLOCAICEDO	0
1004580404	220048020	RENDON SOLARTE MARCELA STEFANIA	0
1085944281	220048025	FUERTES TULCAN OLGA ARACELY	0
1004255432	220051003	DELGADO MONCAYO JULIETH ALEXANDRA	0
1004189941	220051014	RODRIGUEZSOLARTE MARÍANATALIA	0
1004216326	220051030	NARVÁEZ SALCEDO BRAYAN IMANOL	0
1004217551	220051032	ORDOÑEZ LOPEZ ELIER ESTEBAN	0
1193273039	220051038	BENAVIDES CORDOBA ANDREA NATHALY	0
1004580608	220051041	BERNAL NASTAR JHAIR SANTIAGO	0
1004191246	220051044	PAZMINGAN ROSAMARCELA	0
1004191245	220051045	ESPAÑABUSTOS SARAISUSANA DE LOS ANGELES	0
1124314426	220051047	CARDENAS YAQUENO EDISON ALEXANDER	0
1004136815	220051050	PAZ MUÑOZ JULIANA VALERIA	0
1004234230	220051059	ARGOTERAMOS ANDRÉSJUAN	0
1193043577	220052007	CABRERA CRIOLLO LINDA DANIELA	0
1088157069	220052023	CORONEL GUACA ANA LUCY	0
1193364188	220052032	MATAGENSOY SANTACRUZ ANA SOFIA	0
1193275933	220052043	PAZSAA SEBASTIANALEJANDRO	0
1085319584	220052055	PEJENDINO BENAVIDES JHOSTIN JESUS	0
1123327196	220052058	RODRIGUEZCANTICUS EDISONRICARDO	0
1004133793	220052063	LEIDY CATHERINE URBANO DIAZ	0
1233192275	220057025	CERON TORRES CLAUDIA LORENA	0
1004136649	220057030	TIMARANINSANDARA DARLINGYADIRA	0
1004236402	220057031	CASANOVA MONTAÑO MARIA FERNANDA	0
1004410569	220057042	CHACHINOY GUTIERREZ SANTIAGO DAVID	0
1004134976	220057044	BASTIDASMONTENEGRO KARLASOFIA	0
1085313032	220057055	CASTILLO BASTIDAS KELLY JHOANA	0
1085260487	220057060	FLOREZRODRIGUEZ SANDRALILIANA	0
1086926207	220059013	DELGADO ZEA ROYER CAMILO	0
1004216319	220059061	AREVALO MUÑOZ JULIANA	0
1000182871	220059065	GALINDO MEJIA LAURA VALENTINA	0
1004235722	220059093	YANDAR TIMANA FREDDY ALEXANDER	0
1004134002	220060007	DIAZ GUERRA SEBASTIAN RICARDO	0
1010133539	220060009	CRISTHIAN CAMILO PIANDOY JOSA	0
1006850274	220060013	OBANDO SANTACRUZ CRISTIAN FELIPE	0
1085302309	220060020	JHON ALEXANDER QUENAN JOJOA	0
1000464268	220060024	MENESES NIÑO SATIA ZULAY	0
1233192341	220060046	JONATHAN ABRAHAM AGUIRRE URBANO	0
1004726888	220060047	GUERRERO JOSE ALEJANDRO	0
1085335670	220060051	CARLOSAMA DE LA CRUZ NIXON ORLANDO	0
1122784723	220060053	NORMA MARYURY RODRIGUEZ ZAMBRANO	0
1233190448	220060055	BRAYAN DAVID PAREDES RODRÍGUEZ	0
1004193550	220060058	GELPUD IMBACUAN JHONNY SANTIAGO	0
1085270236	220071008	GUERRERO VILLOTA INGRID KATHERINE	0
1004136692	220071015	TAUTAS MENESES MAYERLI NATALIA	0
1193139643	220071022	INSUASTYGUERRERO ERIKAMANUELA	0
1004214682	220071049	LORZAPALACIOS DIEGOARMANDO	0
1088736739	220071054	PORTILLAMORALES PAOLAJAKELINE	0
1085346136	220071055	MERA MUÑOZ DAVID ALEJANDRO	0
1085337373	220071073	LEGARDA NARVAEZ CRISTINA ELIZABETH	0
1010143108	220073002	TRUJILLO ERASO DARWIN ARMANDO	0
1004508910	220073046	DE LA CRUZ MIRAMA YEIDI YULIANA	0
1004234882	220073048	SANTACRUZ LAGOS ARACELLY BRIGITH	0
1085336170	220073053	BURBANOENRÍQUEZ DIANACAROLINA	0
1004612476	220073065	VIVAS RODRIGUEZ ZARY LISBETH	0
1004235854	220073066	BARBOSABARRERA INGRIDGISSELA	0
1010098725	220073092	SUAREZ HIDALGO LIDIA VANESSA	0
1193265360	220073108	ADRIANASOFIA ISANDARANUPAN	0
1004235951	220073111	ROMERO CABRERA LESLY FABIANA	0
1004190699	220076013	ANGELASOFIA ACOSTA RAMIREZ	0
1085303475	220089001	AREVALO CORTES ANGELA DAYANA	0
1004726437	220089009	REINA ARCOS JANIRETH YULIANA	0
1089031153	220089029	YELA BRAVO WILSON FERNEY	0
1193271355	220089035	PORTILLA JOJOA JOHANA ANDREA	0
1193475625	220089045	FLOREZ GAVILANES ANGELA SOFIA	0
1037668113	220089050	CHICAIZA MIRAMAG PEDRO ARMANDO	0
1006998620	220089059	ALVAREZ GUEVARA BRAYAN WILSON	0
1004629369	220095055	RUIZ GORDON DAVID SANTIAGO	0
1193255455	220095063	BURBANOURRESTI LINAMARIA	0
1004624131	220095071	PABON VALLEJO DAVID ALEJANDRO	0
1004625154	220095073	CHECAPANTOJA JULIETHGISELA	0
1193271182	220095077	BENAVIDES CUASPA MARIA CAMILA	0
1004191080	220095093	BENAVIDESBENAVIDES ANGELAMARIA	0
1004135363	220095106	DELGADO PUPIALES ANGIE LORENA	0
1004415029	220095108	BRAVO ORDOÑEZ ANGIE ALEJANDRA	0
1193275745	220095113	BENAVIDESCAICEDO EDWARDESTEBAN	0
1087425337	220095146	RIVERA CAIPE JHON SEBASTIAN	0
1004716151	220102225	DELGADO DELGADO LINA MARÍA	0
1088357229	220102301	GOMEZ INSUASTY MATEO	0
1233193892	220102313	ERAZO REINA JUAN FELIPE	0
1004770617	220102314	MARIAALEJANDRA BASANTEROSERO	0
1193031928	220102319	PORTILLA VILLARREAL GABRIELA ESTEFANIA	0
1085348215	220104075	GELPUD CARPIO  JHONNY JULIAN	0
1004410962	220104108	ASCUNTARDAZA JENIFERALEXANDRA	0
1089488015	220104116	MARTINEZOBREGON YOSERDANIEL	0
1004532557	220105192	RODRIGUEZ ROSERO CARLA NICOL	0
1004216541	220108002	CABRERA HIDALGO JESUS ANDRES	0
1193030948	220108007	ANGELAGEOVANNA DELGADOCASTRO	0
1004539960	220108025	CÓRDOBA MARTÍNEZ KAROL JULIANA	0
1004415318	220108044	GÓMEZPALACIOS DANYELI	0
1004545728	220108066	CUARAN CUARAN YENNY PATRICIA	0
1004472572	220108078	MUÑOZ CEBALLOS ADRIANA NATALY	0
1004216374	220108080	CASTRO TUMAL JOSE ANDRES	0
1004339817	220108091	MORA ZAMBRANO EDGAR NORBEY	0
1086361848	220108152	ARCOS HERMOSA ALIEN IBETH	0
1193271298	220108162	GUERRERO VASQUEZ DAYANA GABRIELA	0
1004190735	220108166	BOTINA CHACHINOY JAVIER ANDRES	0
1004232971	220109013	DELGADO LOPEZ SOFIA	0
1085345215	220109016	LOPEZ SALCEDO EMILIO JOSE	0
1085285952	220109025	SARASTY CALAN DARIO ANTONIO	0
1004136135	220109037	MONTENEGROBOTINA JUANSEBASTIAN	0
1010124856	220109043	GONZALEZSANDOVAL MANUELA	0
1004193305	220116057	LUCERO VILLARREAL ANDRES FELIPE	0
1086107984	220116116	MARLYDAYANA MENARODRIGUEZ	0
1004193521	220116123	CHAÑAG TULCAN ROSA CAMILA	0
1004623302	220116171	LUZDARY PANTOJAANAMA	0
1080040901	220116172	CIFUENTES MENESES DEIBY SEBASTIAN	0
1004543033	220123003	MARTINEZ ANDRADE KAREN JULIANA	0
1088738975	220123005	ANDRADE VILLACORTE MILEYDI NATHALY	0
1193216237	220123006	NARVAEZ RIASCOS JULIANA ESTEFANIA	0
1233189963	220123024	CERON TORRES MARIA ALEXANDRA	0
1004235752	220123025	ANDRADE LÓPEZ MAYERLIN DAYANNA	0
1193271467	220123029	RUIZ ANGULO ANA MARIA	0
1004577881	220123034	GUAQUEZ QUIROZ FERNANDA ALICIA	0
1004190298	220123064	FIGUEROA PAZ ESTEFANIA ELIZABETH	0
1193492019	220127009	CADENA ERLINYESID	0
1086106402	220127013	MORANVILLOTA SHIRLEYVANESA	0
1004190393	220127014	JURADO NARVAEZ PAMELA JULIETH	0
1085336616	220127017	MEJIA CUASQUER MARIA ALEJANDRA	0
1084228359	220127022	JUAN JOSE MONCAYO ERASO	0
1004217508	220127025	CABRERA HIDALGO MAYERLY ISABEL	0
1026568624	220127026	JURADO MIRANDA XIOMARA VANESSA	0
1082746326	220127028	ORDOÑEZ REVELO CARLOS EDUARDO	0
1088653441	220127029	CALPA TOBON EDISON ARLEY	0
1004217116	220127039	BASTIDASSOLARTE LESLYVANESSA	0
1193031437	220127047	TOROMONTAÑO IVETTALEJANDRA	0
1004410372	220129022	CHICAIZA PRADO ERIKA ALEXANDRA	0
1086983295	220129029	CUICHAR CHAMORRO CRISTIAN SEBASTIAN	0
1193030532	220129040	TULCAN NARVAEZ ANGIE MILETH	0
1004133973	220129044	PATIÑO JOJOA GABRIELA CAROLINA	0
1192832168	220129045	BASTIDASLOPEZ SOFIAVALENTINA	0
1085286301	220129046	MUÑOZ URBINA LUDWIN ADRIAN	0
1085295231	220129048	GARCIACRIOLLO MARIOANDRES	0
1007520480	220129175	GOMEZ CHAVEZ RONALD	0
1087794012	220134001	CAICEDO GARCIA DISNEY SORANYI	0
1087425921	220134002	URBANO CHAUCANES JENIFER DANIELA	0
1193405089	220134004	TOLEDO CONTRERAS DIEGO ANDRES	0
1004537490	220134005	YULIANA REINARUIZ	0
1004614851	220134006	TORRES TENORIO LADYS TATIANA	0
1089538689	220134013	PERLAZA AYALA GLEIDY	0
1087123674	220134014	JULIMERCEDES ARBOLEDAVALENCIA	0
1004639733	220134016	EDERYOFRE CORTESESTACIO	0
1193522514	220134018	TORRES GUTIERREZ NIKOL NATALIA	0
1087211938	220134019	MORENO VALLEJO ROSA FERNANDA	0
1004637911	220134020	GERALDIN PONCERODRIGUEZ	0
1087124871	220134025	ANABEL MAGALLANESPALMA	0
1087210707	220134032	YINETHLORENA ANGULOQUIÑONES	0
1087126222	220134034	MIDEROS MONTAÑO RAFAEL	0
1004641643	220134035	ANGULO VERGARA SICELY	0
1087211781	220134037	EMILIAISABEL DOMINGUEZPADILLA	0
1193376004	220134038	GARRIDO VALENCIA MAICOL ENRIQUE	0
1004637875	220134040	ANGULO MORENO KAREN DAYANA	0
59686999	220134041	ALIZ VANESSA CASTILLO TENORIO	0
1087121861	220134044	TORRES BANGUERA ELIZABETH	0
1087116624	220134045	LORENAVIVIANA MIDEROSGARCIA	0
59679054	220134046	OBRINDASION ESPAÑABATALLA	0
1004608282	220134049	VALENCIA HURTADO CLAUDIA PATRICIA	0
1087212947	220134050	TENA OCORO JAMES DAVID	0
1004610397	220134059	MARIAJIMENA CASTILLOMORENO	0
1087187409	220134061	KATHERINEVANESSA ANGULO QUIÑONES	0
1087194820	220134068	LINDASTEPHANY HERRERACASTILLO	0
1087202532	220134073	GRECIAJOHANA TORRESNAZARENO	0
1087131421	220134077	LEIDYLILIANA ÁNGULOBANGUERA	0
1004136077	220140041	ARAUJO TUTALCHA JULIAN ALEJANDRO	0
1004232750	220140042	GUERREROLASSO ALEXANDRASTHEFANIA	0
1004132015	220140096	CALPA DELGADO JONATHAN STEVEN	0
1086302837	220140113	MARTINEZ QUISTIAL WILLIAM ARLEY	0
1004190674	220142003	NARVÁEZ LÓPEZ JEISON ANDRÉS	0
1007602488	220142011	CUASQUEN FLOREZ YESICA ALEXANDRA	0
1067959050	220142021	MONTENEGRO QUIROZ DAVID ALEXANDER	0
1004771680	220142026	JHEFERSONDANIEL NOGUERAPORTILLA	0
1004623350	220142027	EIDERALEXANDER MENESESGETIAL	0
1087425695	220142028	ANAISABEL MURIELBASTIDAS	0
1007180896	220142029	CERON CUASPUD OMAR ESTEBAN	0
1078372760	220142034	NASNER ESTRADA YEISON DANILO	0
1087423416	220142038	MARTINEZ SALAZAR YESID ALEXANDER	0
1087423811	220142040	ANGELAYURANY AYALARIASCOS	0
1193470051	220142045	VANESSAYANELLA ROSERORAMOS	0
1004564022	220142046	JUANPABLO ORTEGACORAL	0
1004564173	220142047	CORAL ASCUNTAR KAREN XIMENA	0
1004625503	220142049	ESTEFANYJOHANA BENAVIDESRIASCOS	0
1004714055	220142050	GOYES GOYES ANDREA DAYANA	0
1087424194	220142053	MARCILLO ERAZO DANIEL ALEJANDRO	0
1086107076	220147061	FRANCOCAMILO LAZOREVELO	0
1085346991	220147092	MENESES PRADO MELANY SILVANA	0
1004235576	220147211	GUERRERO MUÑOZ LUISA MARIA	0
1004541054	220147220	JURADO ROSERO ANA CRISTINA	0
1193071819	220151002	ANGULO CASTILO CLARIZA MARIBEL	0
1144102253	220151007	KAIRUZ VILLOTA JOSE JUAN	0
1087197597	220151012	THEODORAKIS RAMOS ESTEPHANIA	0
1004613267	220151013	SALAZAR MEZA FELIPE CARLOS	0
1004613170	220151027	MEZA MARIN PITER ALEXANDER	0
1004620622	220151029	RACINES QUIÑONES MARVIN MAURICIO	0
1004608450	220151030	ESTACIO GARCIA DANEY GISSELA	0
1087121972	220151031	VARGAS NEGRET RONALD ARIEL	0
1004564165	220151034	EDISONCAMILO CORALALVAREZ	0
1004641290	220151035	LUISANGEL CASTILLOHURTADO	0
1087117274	220151037	GUISAMANO ESPAÑA JAIDER ENRIQUE	0
1087426816	220151038	ESCOBAR GUERRERO VIVIAN LUCERO	0
1087196553	220151042	TORRES GUTIERREZ JUAN CARLOS	0
1004639310	220151047	LOAIZA MONTAÑO JESUS DUVAN	0
1089511916	220151048	SEGURA LUGO ANGIE YURLEY	0
1004640294	220151061	HURTADO GARCIA BRANDON SEBASTIAN	0
1087197007	220151101	ESTERILLA GONZALEZ ANYI ROCÍO	0
1006907909	220155009	YINETHYOHANA URBANOJAJOY	0
1004596275	220155158	HERNANDEZ ACOSTA ROSA MAYERLI	0
1004193154	220155214	DAYANAMELISA RIASCOSGARRETA	0
1010130762	220158057	BASTIDAS LEITON JONATHAN STEVEN	0
1193271431	220158072	MATAGENSOY CRIOLLO GINNA ESTEFANÍA	0
1193271742	220158105	CARLOSAMA GUERRERO MAYERLY ESTEFANIA	0
1004190112	220158109	PANTOJA BASANTE LIZETH NATHALIA	0
1004214583	220158131	IVANALBERTO PAZMINGAN	0
1086753757	220158135	SANCHES GUERRERO KATHERIN EDITH	0
1004214911	220160038	CABRERAMENA SHAMADYMANUELA	0
1004235006	220160054	CAICEDOGARCIA CARLOSDANIEL	0
1007143460	220160086	LOPEZMENDEZ BRAYANSTIVEN	0
1004489552	220160087	ROSERO MONTILLA JOHN RICARDO	0
1193383769	220160101	DAVALOSCABRERA THOMASDANIEL	0
1004640193	220160102	CUERO MARTINEZ MICHELL ANYELO	0
1122786753	220160103	MUCHAVISOY JACANAMEJOY GERMAN JOSE JAN	0
1193478836	220179010	GUERRERO MIRANDA NATHALIA SOFIA	0
1004216349	220179011	CERÓNCHAMORRO NATALIACATALINA	0
1004217454	220179022	ARMERO URBINA SAMUEL FELIPE	0
1004233342	220179026	RODRIGUEZ CARVAJAL LAURA FERNANDA	0
1085334373	220179028	CALPA SANABRIA LAURA DANIELA	0
1017237959	220179031	ORTEGA ROSERO DAVID ERNESTO	0
1004508234	220179051	RODRIGUEZESCOBAR PAOLAANDREA	0
1193271577	220179054	BELTRANORDOÑEZ LUISAMARIA	0
1004625118	220180008	YESSICAKATHERINE LOPEZERAZO	0
1004550181	220180028	ALISONTATIANA MEJIASACRO	0
1086756592	220180029	TERAN RODRIGUEZ ANA ELIZABETH	0
1004577574	220180036	TENA VILLOTA LAURA CAMILA	0
1124865900	220180038	GARZON MUÑOZ SOFIA	0
1004629706	220180045	DE LA CRUZ ENRRIQUEZ DANIELA ALEXANDRA	0
1004532627	220180052	NARVAEZ JARAMILLO JULIAN ESTEBAN	0
1192724384	220180095	MARIACAMILA ARROYOTOBAR	0
1193554439	220182037	PABLO ANDRES VALVERDE SEVILLANO	0
1004611383	220182042	BANGUERA CAICEDO DIANA PAOLA	0
1004616775	220182050	QUIÑONEZ CABEZAS LEONELA CARMEN	0
1004640587	220182053	ANGULO VALENCIA LINA FERNANDA	0
1004612618	220182076	RODRIGUEZ VALENCIA JUAN CARLOS	0
1235288439	220182079	CORTES ANGULO JEAN CARLOS	0
1193244108	220182083	RACINES QUIÑONES OSCAR DANIEL	0
1193243900	220182084	CORTES RIASCOS ERICK JAVIER	0
1193589324	220182088	QUIÑONES GRUESO LILIBETH	0
1087111990	220182126	ENER CAICEDOANGULO	0
1193385410	220191004	MORA ORDÓÑEZ NATHALIA SOFÍA	0
1010140110	220191036	LEGARDAVELEZ ISABELLAGEORGINA	0
1010143121	220191041	HIDALGO LAZO DANIEL SANTIAGO	0
1193037359	220192023	BASTIDAS CABRERA NATHALIA MAYERLY	0
1085331984	220192036	BUESAQUILLO ACHICANOY JUAN SEBASTIAN	0
1089487719	220192042	ORDOÑEZ ZUÑIGA EDWIN ERNESTO	0
1233188738	220192051	PÉREZ PAZ OSCAR DANIEL	0
1004133271	220192053	PORTILLO RODRIGUEZ GEOVANNA LIZETH	0
1004532400	220194008	KAREN QUIROZ ROSERO	0
1004577178	220194009	ARTEAGA JIMENEZ YULIET ELIZABETH	0
1085938133	220194054	ERICKJAVIER GAVIRIAVALLEJO	0
1004577677	220194066	EIMYCAROLINA PEREZROSERO	0
1087049170	220195027	RODRIGUEZ SANTANDER DAYANA ESTEFANIA	0
1004546367	220195031	ANABELCAROLINA CUARANINAGAN	0
1086358030	220195051	RIVERA TUTISTAR NURI JOHANI	0
1004217525	220195058	INFANTE MARTÍNEZ YARIXZA NIYERETH	0
1085949134	220195086	TUTALCHA CERON EVELYN VANESSA	0
1004216530	220195087	IGUA ASMAZA GABRIEL ANDRES	0
1089488495	220195105	COLLAZOS AZA DAVID ANDRES	0
1004639831	220196037	DAJOME CORTES NAYELI YAZURI	0
1085900146	220196057	GINA MAGNOLIA TACAN NARVAEZ	0
59686424	220196058	DIAZ GARCIA YENNY YANIRA	0
1004613403	220196072	CORTES CARREÑO JUANITA NATHALIA	0
1004614255	220196078	VELEZ ORTIZ MARIA LEYDI	0
1004639792	220196083	NELLYDAYANA GONZALEZHURTADO	0
1004609325	220196084	RUIZ MOSQUERA KATY LILIANA	0
1087207686	220196090	SINISTERRA CORTES HEIDY FERNANDA	0
1126138618	220196094	SALAZAR RUIZ ERIKA FERNANDA	0
1087196773	220196095	GONZALEZ VALENCIA LUZ MARINA	0
1087206849	220196096	CORTES CARREÑO JUAN FELIPE	0
1087204942	220196097	CONTRERAS ANDRADE PAOLA ANDREA	0
1004641646	220196101	SOLIZ MARINEZ ALBA ALEJANDRA	0
1004536744	220196104	ANTE ARBOLEDA JHONIER ALFREDO	0
1089511917	220196106	SEGURA LUGO MICHEL CAROLINA	0
1004615694	220196109	MEJIA PEREA SIARA MELISSA	0
1030601251	220196162	RUIZ MOSQUERA CLAUDIA PATRICIA	0
1193551265	220196164	NATALIAANDREA MOSQUERACASTILLO	0
59686623	220196174	SEGURA ANGULO NADIA CRISTINA	0
1000970941	220196186	DAVIDSANTIAGO POLOPOVEDA	0
1004771786	220198018	CASTRO MORA ALEXANDRA DEISY	0
1006995835	220198041	AGREDA MITIS WILLIAM EDUARDO	0
1089848234	220198161	TERAN PORTILLA DIANA CAMILA	0
1004236176	220198263	MUÑOZ ESPAÑA YISSETH VANESSA	0
1004136612	220198269	KAROLNATHALIA CASTROOVIEDO	0
1085284722	220198270	MATITUYRUALES DAYANASAROLY	0
1010101661	220198286	ERASO HUERTAS ALEJANDRA MILENA	0
1193271843	220198287	MORENO JOAN SEBASTIAN	0
1085307564	220198305	JURADO ALVARADO VANESSA STEPHANIA	0
1085270602	220198328	CUCAZ MEJIA ANGELA PILAR	0
1004217510	220198382	ALDERETE MALLAMA JOSE ARMANDO	0
1004192337	221011024	ARGOTYCHAÑA JHAROLDWILSON	0
1080041873	221011027	ORDOÑEZLOAIZA DIEGOALEJANDRO	0
1004743446	221011031	LEDEZMAORTEGA ORLANSTIVEN	0
1004236695	221033041	PANTOJAVILLARREAL JUANCAMILO	0
1004217235	221033065	MEZAZAMBRANO NATHALIACAMILA	0
1004136339	221035025	CADENAMARTINEZ YERSONJESUS	0
1004234902	221035031	REVELOPEREZ GABRIELANDRES	0
1086418281	221036033	JOHANAANGIE TOBARPISTALA	0
1193483476	221036038	JACKSONIVAN MALLAMAROJAS	0
1085903265	221036056	MARIOALEXANDER CHITÁNBENAVIDES	0
1193030170	221059026	GOYESROSERO RICHARDFERNANDO	0
1193032710	221059047	MURIELPANTOJA KAROLNATHALY	0
1193383398	221059052	MIRAMARODRIGUEZ YULIETH	0
1193135163	221071016	GOYESGOMEZ ANGELAMARCELA	0
1193405694	221071033	ROSEROPAZ IVANDARIO	0
1085250905	221071046	ROSERO ANAMILENA	0
1085328792	221071058	BUESAQUILLOCARPIO AIDEGISEL	0
1004624600	221071071	ORTEGABENAVIDES LINAFERNANDA	0
1004235468	221071072	AREVALOORDOÑEZ ALISSONNICOLE	0
1004216378	221071078	JULIETHALEJANDRA MATABANCHOYORDOÑEZ	0
1004235639	221073016	ELIECERANDRES BOLAÑOSRAMOS	0
1004410834	221073024	KATHERINEDAYANA ESPAÑABURBANO	0
1004410787	221073043	MARIAGUADALUPE GELPUDCARPIO	0
1193271476	221073050	SARAMICHEL RODRIGUEZNARVAEZ	0
1193235228	221095024	FLOREZONOFRE DIANAFERNANDA	0
1004415213	221095058	LASSOJURADO DANIELAALEJANDRA	0
1233193989	221102011	EDISSONDAVID DELGADO	0
1193482844	221102050	MARTINEZGOMEZ EMILYJANITZA	0
1085314372	221102056	LUISAMARIA MORENOESTRELLA	0
1004235028	221104039	ARGOTYBRAVO MICHELALEJANDRA	0
1004192899	221105025	RAMIREZCUPACAN LUISAALEJANDRA	0
1085321164	221105049	REVELOPARREÑO RICHARDDANIEL	0
1004625330	221108023	MORAROSALES YADYCAMILA	0
1004215350	221108030	MONTEZUMACUELTAN MELISSAANDREA	0
1004623772	221108033	ENRIQUEZAREVALO DIANAKAROLINA	0
1004342947	221108039	TELLOMIRAMA NARCYTATIANA	0
1080042848	221108041	CAICEDOCASTRO YEIMYCAMILA	0
1143464661	221108050	DELGADOPANTOJA DASBLEIDYDAYANA	0
1004539442	221116028	CHAMORROBENAVIDES JHONBAIRON	0
1087406520	221116040	TANIACAMILA ORTEGABENAVIDES	0
1085324877	221129004	OBANDOFLOREZ DANIELASTEPHANIA	0
1010148283	221129008	DAZAACHICANOY MARIOENRIQUE	0
1004410765	221129009	GELPUDCARPIO ANGELAMARÍA	0
1004508404	221129010	YANDARCABRERA JULIETMARLENI	0
1085337556	221129017	MARQUINEZRODRIGUEZ BRIGHAMALEJANDRO	0
1004215915	221129018	RIVASORDOÑEZ DANIELFELIPE	0
1004233326	221129027	PUSAPAZJOJOA SONIAELIZABETH	0
1004411181	221129032	PINCHAOPOTOSI PAULAANDREA	0
1085307615	221129054	GRANJACIFUENTES DIANANATALY	0
1085298222	221129055	GELPUDRIVERA FABIOANDRES	0
1085338767	221129074	MORANERASO MIGUELANGEL	0
1192742224	221140024	RIVERACAIPE LILIANAMARIBEL	0
1004508717	221147032	KEVINESTEBAN BOTINAMUÑOZ	0
1086132009	221147035	KARENLORENA DELGADOLOPEZ	0
1006680026	221158035	KAROLLORENA ANDRADEYELA	0
1193201427	221158043	JIMENEZMARTINEZ LAURASOFIA	0
1004216104	221180015	NANCYJHUDIT NUPANPOTOSI	0
1086298271	221180019	MAYERLIALEJANDRA CHAPUESGALNAVISOY	0
1085336133	221180030	JAIRFERNANDO ESTUPIÑANRECALDE	0
1085931292	221180045	JONATTANDAVID ERIRASOLARTE	0
1004624022	221180048	YULYALEJANDRA CULCHAENRIQUEZ	0
1004578983	221180049	ANGIELORENA CEBALLOSMERA	0
1123201309	221180058	KARENYOBANELA VALDERRAMALATORRE	0
1082748920	221180061	DAYANAMARIA MOLINABOTINA	0
1004439488	221195030	EDILBERTHFELIPE SANCHEZÑAÑEZ	0
1004579499	221195068	CABRERASANCHEZ ALISONMAYERLI	0
1087778562	221196005	HENRYFABIAN CASTILLOESTUPIÑAN	0
1087202370	221196016	KATTYJHOANNA GARCIAQUIÑONES	0
1004603213	221196021	URRIETAHURTADO LUISALEJANDRO	0
1087782876	221196030	DEISYJOHANA CASTILLOBOYA	0
1087126253	221196035	JULIETHSAMANTA VIVEROSNAZARENO	0
1087196741	221196048	KARINALIZET ESTACIOBERMUDEZ	0
1087106860	221196049	SHELYNICOL PRECIADOANGULO	0
1127536625	221196056	KARENLORENA POPOTORRES	0
1087128431	221196058	MIRYAMELIANA ESPAÑAOLAYA	0
94533185	221196059	CHRISTIANBERNABE CUELLARHERNANDEZ	0
1087112878	221196060	CARLOSDANIEL CORTESCASTRO	0
1087201308	221196062	JENIFER CASTILLOSEGURA	0
1085344741	221198035	PORTILLADELGADO JESUSFERNANDO	0
1010113559	221198038	PORTILLAMORA SEBASTIAN	0
1080690357	221198040	ANGELAMARIANA CALDERONMINGAN	0
1087049050	221198041	KAROLESTEFANNY ORTEGAMELO	0
1193480333	221198045	ROMOÁLVAREZ ELIANALIZETH	0
1193405569	221198057	CHANGPEREZ NAYGIOMYVANESSA	0
1085249821	2100102243	VARGAS ROJAS ARLES	0
1085634999	2100602004	HUERTASCORDOBA JOSEDARIO	0
97435685	2100762031	RENGIFO CASTILLO LUIS IVAN	0
13071990	2100762044	ALEXFERNANDO PANTOJATERAN	0
1085635312	2101272022	TERAN LOPEZ RICHARD ANDRES	0
1084224806	2101411032	MUÑOZ ARMERO DIANA FERNANDA	0
1089480159	2101652018	ÁLVAREZ SOLARTE ÁNGELA DAYANA	0
1087126050	2101822024	ARBOLEDA DIAZ ALFONSO ANTONIO	0
1085254873	2110102054	MORAGRANJA DIANAMARCELA	0
1085304505	2110102097	CAMILO ERNESTO DELGADO ARGOTY	0
1144138891	2110341509	PUPIALES CRUZ ROBERTH ALEJANDRO	0
1085301979	2110411315	MORENO PUPIALES MARIA EDELMIRA	0
1085929038	2110762396	CORAL CABRERA ANA VICTORIA	0
1085293693	2110762610	RAMOS ACOSTA WILMER IVAN	0
27435100	2110762741	YOLIMAJOHANNA JATIVABURBANO	0
37086808	2111232181	GALVIS SANTACRUZ DIANA XIMENA	0
1085270732	2111601245	BURBANO GUERRERO ADER VICENTE	0
1085295633	2120111115	ORDOÑEZ MEZA JAIME CAMILO	0
1085295407	2120312164	MARTINEZ BURBANO ANDREA MILENA	0
95022718429	2120331009	AGUIRRE AGUIRRE MIGUEL LUIS	0
1085290382	2120341213	PACHAJOA MARTINEZ CAMILO ANDRES	0
1086105651	2120602007	ARTEAGA TREJOS JAIRO ANDRES	0
1085316378	2120602074	LOPEZ ENRIQUEZ DIANA CAROLINA	0
1085275881	2121051071	ESTRADA CORAL JENNY ELIZABETH	0
1085307569	2121581219	MELO URBANO BRYAN STEVEN	0
1085300433	2121651090	PANTOJA ACOSTA LEIDY STHEFANIA	0
1085635093	2130111052	CARRERA VILLARREAL VICTOR HUGO	0
1085259298	2130132089	GUERREROCORAL DIEGOALBERTO	0
1085325714	2130182114	MEJIA CORAL CHRISTIAN CAMILO	0
1085311748	2130341115	DIAZ RIASCOS ESTEBAN DANILO	0
1085301201	2130411238	PUETAMAN ANDRADE JEINSON DANILO	0
1124315532	2130512152	ESPINOSA QUENAN MIGUEL ALEXANDER	0
87070713	2130512367	TOBAR TRUJILLO HERMES ROMAIRO	0
1085322687	2130512408	ZAMBRANO SOLARTE YEISON IVAN	0
1007268117	2130522051	BOTINA CHAVES PAOLA ANDREA	0
1120217996	2130522081	CHAMORRO VIVAS CESAR ANDRES	0
1085292636	2130522103	DELGADO LONDOÑO LINDA STEPHANIA	0
1085934118	2130711267	PAGUAY CAICEDO NELCY ALEXANDRA	0
96032202613	2130762031	ARTEAGA CORDOBA LINA MARIA	0
1086138176	2130762085	BURBANO RODRIGUEZ CARLOS ANDRES	0
1120217995	2130892134	CHAMORRO VIVAS SEBASTIAN ALEJANDRO	0
1089847360	2130951372	PORTILLASOLARTE PABLOANDRES	0
1085319696	2131051177	JOJOA RODRIGUEZ BRAYAN DAVID	0
1085297082	2131051199	MAURY LUNA JUAN CAMILO	0
1085313425	2131081307	RUIZ GUTIERREZ HERNAN DARIO	0
1085300538	2131272051	CORAL AGUILAR JHONATAN FRANCISCO	0
1085313821	2131272060	CUAYAL LAGOS JUAN MANUEL	0
1081273599	2131272107	HERNANDEZ SALAZAR JOSE ALFREDO	0
1085320657	2131272144	MORENO YELA JONATHAN STIP	0
1085305793	2131281108	ERAZO PANTOJA KAROL JENNY	0
1085322742	2131291055	DE LA CRUZ SALAZAR DAVID	0
1087203302	2131512044	KARENPAOLA IBARRAPAZ	0
1087203174	2131512049	MONTAÑO ALEGRIA MAYRA LIZETH	0
1085314467	2131581283	QUINTANA ARCOS ROGER DAIR	0
1085322425	2131601165	GUERRERO DIAZ JULIAM DARIO	0
1085325957	2131792016	ARTEAGA LASSO DAHIANA ESTEFANI	0
87216290	2131922214	LOPEZ SARASTY LUIS MIGUEL	0
1085311681	2131922362	RODRIGUEZ PALMA MAURICIO FERNANDO	0
1085298046	2131981186	MONTEZUMA MARTINEZ CARLOS MARIO	0
1085321690	2131981252	RIASCOS HUERTAS LUISA MARIA	0
1085297900	2140102061	DE LA CRUZ SANTACRUZ OWER ALEXANDER	0
1122783635	2140111146	MARTINEZVALLEJO OSCARJEFERSON	0
1088737094	2140111155	MELO RUALES DAVID MAURICIO	0
1085258391	2140272183	ROSALES SALAZAR EDWIN ALEXANDER	0
1085941110	2140331185	CUASAPUD OBANDO MARLON DE JESUS	0
1085272835	2140331278	GUERREROARAUJO HERNANMAURICIO	0
1085317212	2140341395	VITERICANCHALA JAVIERFERNANDO	0
1088590157	2140361069	DANIELLIBARDO ZAMBRANOLOPEZ	0
1085322616	2140411131	TANIA LASSO DELGADO	0
1083814274	2140512101	CORTES ORDOÑEZ MARIA ALEJANDRA	0
80214263	2140572015	BENAVIDES DOMINGUEZ DOMINGO FRANCISCO	0
87070393	2140572023	CAEZ BOTINA LUVIN ALDEMAR	0
1085307956	2140572117	SALCEDO BASANTE HOIMER SAMUEL	0
1085309139	2140711071	CORDOBA NARVAEZ MARIA ELIZABETH	0
1010215700	2140762565	SALAZAR CASTAÑEDA JESSICA DANIELA	0
1085326995	2140951182	GUEVARA CHAMORRO YULY LICETH	0
1085332507	2140951411	TORRES MUÑOZ MARIA ISABELL	0
1085943801	2141081267	RUANO BENITEZ SAMANTHA	0
1086139490	2141221309	ROJAS CRIOLLO DIANA STEFANY	0
1082658044	2141272115	PIANDA ARTEAGA JULIET VANESSA	0
1085332768	2141272164	TREJO CARDENAS CRISTIAN CAMILO	0
1085332062	2141291063	CORDOBA MUÑOZ ANA MILENA	0
1080903009	2141401224	PABON MUÑOZ DIANA CAROLINA	0
36755564	2141581360	VALLEJO CORDOBA MYRIAM DEL CARMEN	0
1085944012	2141651019	ENRIQUEZ JARAMILLO CRISTIAN CAMILO	0
1085944085	2141651024	MARLYN KATHERINE HERNÁNDEZ	0
1085310048	2141792017	BASTIDAS LOPEZ WUIDY YIDIDY	0
1087421396	2141792180	NARVAEZCARDENAS ANDREAJIMENA	0
1085937766	2141922048	BOLAÑOS BRAVO CAMILO ANTONIO	0
1085338858	2141922256	MUÑOZ AGREDA JAVIER FERNANDO	0
1085332735	2141981208	SARASTYSANCHEZ NATHALIA	0
1004214439	220010050	RIVAS CHAVES SANTIAGO ENRIQUE 	0
\.


--
-- TOC entry 3106 (class 0 OID 57930)
-- Dependencies: 212
-- Data for Name: equipos; Type: TABLE DATA; Schema: public; Owner: postgres
--

COPY public.equipos (qr, garantia, sn, sn_disco1, sn_disco2, id_lote, sede_responsable) FROM stdin;
140718	2023-10-29	5CG0357M0Q	NULL	NULL	1	1
140719	2023-10-29	5CG0357M0M	NULL	NULL	1	1
140720	2023-10-29	5CG0357NM3	NULL	NULL	1	1
140721	2023-10-29	5CG0357P1L	NULL	NULL	1	1
140722	2023-10-29	5CG0357MNN	NULL	NULL	1	3
140723	2023-10-29	5CG0357LPT	NULL	NULL	1	1
140724	2023-10-29	5CG0357P2F	NULL	NULL	1	3
140725	2023-10-29	5CG0357M08	NULL	NULL	1	1
140726	2023-10-29	5CG0357MSW	NULL	NULL	1	1
140727	2023-10-29	5CG0357MXL	NULL	NULL	1	1
140728	2023-10-29	5CG0357PNS	NULL	NULL	1	1
140729	2023-10-29	5CG0357N6H	NULL	NULL	1	1
140730	2023-10-29	5CG0357R04	NULL	NULL	1	1
140731	2023-10-29	5CG0357N68	NULL	NULL	1	1
140732	2023-10-29	5CG0357P26	NULL	NULL	1	1
140733	2023-10-29	5CG0357LYD	NULL	NULL	1	1
140734	2023-10-29	5CG0357LXB	NULL	NULL	1	1
140735	2023-10-29	5CG0357LY3	NULL	NULL	1	1
140736	2023-10-29	5CG0357M0S	NULL	NULL	1	1
140737	2023-10-29	5CG0357LQ5	NULL	NULL	1	1
140738	2023-10-29	5CG0357M0C	NULL	NULL	1	1
140739	2023-10-29	5CG0357M09	NULL	NULL	1	1
140740	2023-10-29	5CG0357LX9	NULL	NULL	1	1
140741	2023-10-29	5CG0357LXY	NULL	NULL	1	1
140742	2023-10-29	5CG0357LWT	NULL	NULL	1	1
140743	2023-10-29	5CG0357LX0	NULL	NULL	1	1
140744	2023-10-29	5CG0357LN2	NULL	NULL	1	3
140745	2023-10-29	5CG0357LXF	NULL	NULL	1	1
140746	2023-10-29	5CG0357MSR	NULL	NULL	1	3
140747	2023-10-29	5CG0357LTP	NULL	NULL	1	1
140748	2023-10-29	5CG0357LXT	NULL	NULL	1	1
140749	2023-10-29	5CG0357LPX	NULL	NULL	1	1
140750	2023-10-29	5CG0357M0T	NULL	NULL	1	1
140751	2023-10-29	5CG0357NMK	NULL	NULL	1	1
140752	2023-10-29	5CG0357M36	NULL	NULL	1	1
140753	2023-10-29	5CG0357M0K	NULL	NULL	1	1
140754	2023-10-29	5CG0357LNW	NULL	NULL	1	1
140755	2023-10-29	5CG0357M0W	NULL	NULL	1	1
140756	2023-10-29	5CG0357LS6	NULL	NULL	1	1
140757	2023-10-29	5CG0357LYG	NULL	NULL	1	1
140758	2023-10-29	5CG0357MTN	NULL	NULL	1	1
140759	2023-10-29	5CG0357M07	NULL	NULL	1	1
140760	2023-10-29	5CG0357PP6	NULL	NULL	1	1
140761	2023-10-29	5CG0357P1D	NULL	NULL	1	1
140762	2023-10-29	5CG0357M19	NULL	NULL	1	1
140763	2023-10-29	5CG0357M1D	NULL	NULL	1	1
140764	2023-10-29	5CG0357M1B	NULL	NULL	1	1
140765	2023-10-29	5CG0357MNZ	NULL	NULL	1	3
140766	2023-10-29	5CG0357NLX	NULL	NULL	1	1
140767	2023-10-29	5CG0357LPP	NULL	NULL	1	1
140768	2023-10-29	5CG0357LS3	NULL	NULL	1	1
140769	2023-10-29	5CG0357N6B	NULL	NULL	1	1
140770	2023-10-29	5CG0357M3M	NULL	NULL	1	1
140771	2023-10-29	5CG0357M16	NULL	NULL	1	3
140772	2023-10-29	5CG0357Q5T	NULL	NULL	1	3
140773	2023-10-29	5CG0357LWS	NULL	NULL	1	1
140774	2023-10-29	5CG0357NMD	NULL	NULL	1	1
140775	2023-10-29	5CG0357LXD	NULL	NULL	1	1
140776	2023-10-29	5CG0357MSL	NULL	NULL	1	1
140777	2023-10-29	5CG0357LP3	NULL	NULL	1	1
140778	2023-10-29	5CG0357NDS	NULL	NULL	1	3
140779	2023-10-29	5CG0357NL4	NULL	NULL	1	1
140780	2023-10-29	5CG0357MSN	NULL	NULL	1	3
140781	2023-10-29	5CG0357QSG	NULL	NULL	1	1
140782	2023-10-29	5CG0357MTP	NULL	NULL	1	2
140783	2023-10-29	5CG0357LTN	NULL	NULL	1	2
140784	2023-10-29	5CG0357LXP	NULL	NULL	1	1
140785	2023-10-29	5CG0357Q2W	NULL	NULL	1	2
140786	2023-10-29	5CG0357M0G	NULL	NULL	1	2
140787	2023-10-29	5CG0357LXV	NULL	NULL	1	2
140788	2023-10-29	5CG0357MY6	NULL	NULL	1	2
140789	2023-10-29	5CG0357PPJ	NULL	NULL	1	2
140790	2023-10-29	5CG0357P20	NULL	NULL	1	2
140791	2023-10-29	5CG0357LY6	NULL	NULL	1	2
140792	2023-10-29	5CG0357P2P	NULL	NULL	1	2
140793	2023-10-29	5CG0357MNC	NULL	NULL	1	2
140794	2023-10-29	5CG0357MBV	NULL	NULL	1	2
140795	2023-10-29	5CG0357M14	NULL	NULL	1	2
140796	2023-10-29	5CG0357LXW	NULL	NULL	1	2
140797	2023-10-29	5CG0357MRY	NULL	NULL	1	2
140798	2023-10-29	5CG0357NFY	NULL	NULL	1	2
140799	2023-10-29	5CG0357P2L	NULL	NULL	1	2
140800	2023-10-29	5CG0357LNC	NULL	NULL	1	2
140801	2023-10-29	5CG0357Q2Y	NULL	NULL	1	2
140802	2023-10-29	5CG0357MT7	NULL	NULL	1	2
140803	2023-10-29	5CG0357MNV	NULL	NULL	1	2
140804	2023-10-29	5CG0357M18	NULL	NULL	1	2
140805	2023-10-29	5CG0357P1F	NULL	NULL	1	2
140806	2023-10-29	5CG0357PP8	NULL	NULL	1	2
140807	2023-10-29	5CG0357LYB	NULL	NULL	1	2
140808	2023-10-29	5CG0357M22	NULL	NULL	1	3
140809	2023-10-29	5CG0357M0J	NULL	NULL	1	3
140810	2023-10-29	5CG0357LSJ	NULL	NULL	1	3
140811	2023-10-29	5CG0357MSX	NULL	NULL	1	3
140812	2023-10-29	5CG0357MN2	NULL	NULL	1	3
140813	2023-10-29	5CG0357LY1	NULL	NULL	1	3
140814	2023-10-29	5CG0357MT4	NULL	NULL	1	3
140815	2023-10-29	5CG0357M0P	NULL	NULL	1	3
140816	2023-10-29	5CG0357MTM	NULL	NULL	1	3
140817	2023-10-29	5CG0357MSZ	NULL	NULL	1	3
140818	2023-10-29	5CG0357M1V	NULL	NULL	1	3
140819	2023-10-29	5CG0357P25	NULL	NULL	1	3
140820	2023-10-29	5CG0357MZF	NULL	NULL	1	3
140821	2023-10-29	5CG0357PPS	NULL	NULL	1	3
140822	2023-10-29	5CG0357Q2N	NULL	NULL	1	3
140823	2023-10-29	5CG0357LYC	NULL	NULL	1	3
140824	2023-10-29	5CG0357QZY	NULL	NULL	1	3
140825	2023-10-29	5CG0357M10	NULL	NULL	1	3
140826	2023-10-29	5CG0357MP0	NULL	NULL	1	3
140827	2023-10-29	5CG0357MST	NULL	NULL	1	3
140828	2023-10-29	5CG0357MT8	NULL	NULL	1	3
140829	2023-10-29	5CG0357LLX	NULL	NULL	1	3
140830	2023-10-29	5CG0357MSV	NULL	NULL	1	3
140831	2023-10-29	5CG0357MRV	NULL	NULL	1	3
140832	2023-10-29	5CG0357P1W	NULL	NULL	1	3
140833	2023-10-29	5CG0357Q2L	NULL	NULL	1	3
140834	2023-10-29	5CG0357PPM	NULL	NULL	1	3
140835	2023-10-29	5CG0357MYW	NULL	NULL	1	3
140836	2023-10-29	5CG0357R05	NULL	NULL	1	3
140837	2023-10-29	5CG0357N5P	NULL	NULL	1	3
140838	2023-10-29	5CG0357MN4	NULL	NULL	1	3
140839	2023-10-29	5CG0357NMR	NULL	NULL	1	3
140840	2023-10-29	5CG0357LS4	NULL	NULL	1	3
140841	2023-10-29	5CG0357LS2	NULL	NULL	1	3
140842	2023-10-29	5CG0357M0B	NULL	NULL	1	3
140843	2023-10-29	5CG0357R0B	NULL	NULL	1	3
140844	2023-10-29	5CG0357MZC	NULL	NULL	1	3
140845	2023-10-29	5CG0357LQ0	NULL	NULL	1	3
140846	2023-10-29	5CG0357M13	NULL	NULL	1	4
140847	2023-10-29	5CG0357LWR	NULL	NULL	1	4
140848	2023-10-29	5CG0357LYH	NULL	NULL	1	4
140849	2023-10-29	5CG0357SD1	NULL	NULL	1	4
140850	2023-10-29	5CG0357P11	NULL	NULL	1	4
140851	2023-10-29	5CG0357LSM	NULL	NULL	1	4
140852	2023-10-29	5CG0357P0Z	NULL	NULL	1	4
140853	2023-10-29	5CG0357M0N	NULL	NULL	1	4
140854	2023-10-29	5CG0357MNM	NULL	NULL	1	4
140855	2023-10-29	5CG0357NDY	NULL	NULL	1	4
140856	2023-10-29	5CG0357N5S	NULL	NULL	1	4
140857	2023-10-29	5CG0357MYZ	NULL	NULL	1	4
140858	2023-10-29	5CG0357PNN	NULL	NULL	1	1
140859	2023-10-29	5CG0357MSQ	NULL	NULL	1	1
140860	2023-10-29	5CG0357LXG	NULL	NULL	1	1
140861	2023-10-29	5CG0357MNS	NULL	NULL	1	1
140862	2023-10-29	5CG0357LXJ	NULL	NULL	1	1
140863	2023-10-29	5CG0357MNB	NULL	NULL	1	1
140864	2023-10-29	5CG0357P19	NULL	NULL	1	1
140865	2023-10-29	5CG0357MY2	NULL	NULL	1	1
140866	2023-10-29	5CG0357LSP	NULL	NULL	1	1
140867	2023-10-29	5CG0357MN9	NULL	NULL	1	1
140868	2023-10-29	5CG0357LMV	NULL	NULL	1	1
140869	2023-10-29	5CG0357MRT	NULL	NULL	1	1
140870	2023-10-29	5CG0357NML	NULL	NULL	1	1
140871	2023-10-29	5CG0357M0Z	NULL	NULL	1	1
140872	2023-10-29	5CG0357P1N	NULL	NULL	1	1
140873	2023-10-29	5CG0357LT3	NULL	NULL	1	1
140874	2023-10-29	5CG0357LP0	NULL	NULL	1	4
140875	2023-10-29	5CG0357P2V	NULL	NULL	1	3
140876	2023-10-29	5CG0357NF2	NULL	NULL	1	1
140877	2023-10-29	5CG0357LXR	NULL	NULL	1	1
140878	2023-10-29	5CG0357LWZ	NULL	NULL	1	1
140879	2023-10-29	5CG0357MT1	NULL	NULL	1	1
140880	2023-10-29	5CG0357MNH	NULL	NULL	1	2
140881	2023-10-29	5CG0357LWW	NULL	NULL	1	1
140882	2023-10-29	5CG0357MT2	NULL	NULL	1	1
140883	2023-10-29	5CG0357LN0	NULL	NULL	1	1
140884	2023-10-29	5CG0357M0R	NULL	NULL	1	1
140885	2023-10-29	5CG0357N5T	NULL	NULL	1	1
140886	2023-10-29	5CG0357P1V	NULL	NULL	1	1
140887	2023-10-29	5CG0357NL0	NULL	NULL	1	1
140888	2023-10-29	5CG0357LTJ	NULL	NULL	1	1
140889	2023-10-29	5CG0357LPB	NULL	NULL	1	3
140890	2023-10-29	5CG0357LSV	NULL	NULL	1	1
140891	2023-10-29	5CG0357MYK	NULL	NULL	1	1
140892	2023-10-29	5CG0357MTH	NULL	NULL	1	1
140893	2023-10-29	5CG0357M1C	NULL	NULL	1	1
140894	2023-10-29	5CG0357P1H	NULL	NULL	1	2
140895	2023-10-29	5CG0357LY2	NULL	NULL	1	1
140896	2023-10-29	5CG0357LWQ	NULL	NULL	1	1
140897	2023-10-29	5CG0357LQ6	NULL	NULL	1	1
140898	2023-10-29	5CG0357LXK	NULL	NULL	1	1
140899	2023-10-29	5CG0357MXM	NULL	NULL	1	1
140900	2023-10-29	5CG0357MNX	NULL	NULL	1	1
140901	2023-10-29	5CG0357P2H	NULL	NULL	1	1
140902	2023-10-29	5CG0357LP6	NULL	NULL	1	1
140903	2023-10-29	5CG0357MMV	NULL	NULL	1	1
140904	2023-10-29	5CG0357P2K	NULL	NULL	1	1
140905	2023-10-29	5CG0357N6K	NULL	NULL	1	1
140906	2023-10-29	5CG0357SPZ	NULL	NULL	1	1
140907	2023-10-29	5CG0357MN6	NULL	NULL	1	1
140908	2023-10-29	5CG0357LY5	NULL	NULL	1	1
140909	2023-10-29	5CG0357PNY	NULL	NULL	1	1
140910	2023-10-29	5CG0357MY5	NULL	NULL	1	1
140911	2023-10-29	5CG0357LNK	NULL	NULL	1	1
140912	2023-10-29	5CG0357MYQ	NULL	NULL	1	1
140913	2023-10-29	5CG0357MZ8	NULL	NULL	1	1
140914	2023-10-29	5CG0357MN5	NULL	NULL	1	1
140915	2023-10-29	5CG0357P17	NULL	NULL	1	1
140916	2023-10-29	5CG0357M0F	NULL	NULL	1	1
140917	2023-10-29	5CG0357N76	NULL	NULL	1	4
140918	2023-10-29	5CG0357MND	NULL	NULL	1	1
140919	2023-10-29	5CG0357NLT	NULL	NULL	1	1
140920	2023-10-29	5CG0357LN3	NULL	NULL	1	1
140921	2023-10-29	5CG0357LSR	NULL	NULL	1	1
140922	2023-10-29	5CG0357MP1	NULL	NULL	1	1
140923	2023-10-29	5CG0357PNV	NULL	NULL	1	1
140924	2023-10-29	5CG0357LSC	NULL	NULL	1	1
140925	2023-10-29	5CG0357NDV	NULL	NULL	1	1
140926	2023-10-29	5CG0357MSY	NULL	NULL	1	1
140927	2023-10-29	5CG0357NM6	NULL	NULL	1	1
140928	2023-10-29	5CG0357MXX	NULL	NULL	1	1
140929	2023-10-29	5CG0357LY4	NULL	NULL	1	1
140930	2023-10-29	5CG0357LWN	NULL	NULL	1	1
140931	2023-10-29	5CG0357M3L	NULL	NULL	1	1
140932	2023-10-29	5CG0357MNL	NULL	NULL	1	3
140933	2023-10-29	5CG0357LMP	NULL	NULL	1	1
140934	2023-10-29	5CG0357LXX	NULL	NULL	1	3
140935	2023-10-29	5CG0357LST	NULL	NULL	1	2
140936	2023-10-29	5CG0357M1F	NULL	NULL	1	1
140937	2023-10-29	5CG0357MNW	NULL	NULL	1	1
140938	2023-10-29	5CG0357LY7	NULL	NULL	1	1
140939	2023-10-29	5CG0357LP2	NULL	NULL	1	2
140940	2023-10-29	5CG0357LTQ	NULL	NULL	1	1
140941	2023-10-29	5CG0357P12	NULL	NULL	1	3
140942	2023-10-29	5CG0357M0D	NULL	NULL	1	1
140943	2023-10-29	5CG0357Q74	NULL	NULL	1	1
140944	2023-10-29	5CG0357NFV	NULL	NULL	1	1
140945	2023-10-29	5CG0357LXN	NULL	NULL	1	1
140946	2023-10-29	5CG0357MT5	NULL	NULL	1	1
140947	2023-10-29	5CG0357M0Y	NULL	NULL	1	1
140948	2023-10-29	5CG0357M3Y	NULL	NULL	1	1
140949	2023-10-29	5CG0357LNB	NULL	NULL	1	1
140950	2023-10-29	5CG0357QRN	NULL	NULL	1	1
140951	2023-10-29	5CG0357MYJ	NULL	NULL	1	1
140952	2023-10-29	5CG0357PQ9	NULL	NULL	1	1
140953	2023-10-29	5CG0357RFL	NULL	NULL	1	1
140954	2023-10-29	5CG0357LPK	NULL	NULL	1	1
140955	2023-10-29	5CG0357P1B	NULL	NULL	1	1
140956	2023-10-29	5CG0357NMM	NULL	NULL	1	1
140957	2023-10-29	5CG0357QRC	NULL	NULL	1	1
140958	2023-10-29	5CG0357P18	NULL	NULL	1	1
140959	2023-10-29	5CG0357P1S	NULL	NULL	1	1
140960	2023-10-29	5CG0357N75	NULL	NULL	1	1
140961	2023-10-29	5CG0357LX7	NULL	NULL	1	3
140962	2023-10-29	5CG0357MYB	NULL	NULL	1	1
140963	2023-10-29	5CG0357P1G	NULL	NULL	1	1
140964	2023-10-29	5CG0357LTS	NULL	NULL	1	1
140965	2023-10-29	5CG0357LQB	NULL	NULL	1	2
140966	2023-10-29	5CG0357MZ5	NULL	NULL	1	1
140967	2023-10-29	5CG0357PNX	NULL	NULL	1	3
140968	2023-10-29	5CG0357NFS	NULL	NULL	1	1
140969	2023-10-29	5CG0357MS2	NULL	NULL	1	1
140970	2023-10-29	5CG0357P14	NULL	NULL	1	1
140971	2023-10-29	5CG0357LY0	NULL	NULL	1	1
140972	2023-10-29	5CG0357MDG	NULL	NULL	1	1
140973	2023-10-29	5CG0357MSK	NULL	NULL	1	1
140974	2023-10-29	5CG0357MXQ	NULL	NULL	1	1
140975	2023-10-29	5CG0357NF9	NULL	NULL	1	1
140976	2023-10-29	5CG0357MMZ	NULL	NULL	1	1
140977	2023-10-29	5CG0357LXH	NULL	NULL	1	1
140978	2023-10-29	5CG0357M0H	NULL	NULL	1	1
140979	2023-10-29	5CG0357M0L	NULL	NULL	1	1
140980	2023-10-29	5CG0357MRX	NULL	NULL	1	1
140981	2023-10-29	5CG0357M1R	NULL	NULL	1	1
140982	2023-10-29	5CG0357MTL	NULL	NULL	1	1
140983	2023-10-29	5CG0357RM0	NULL	NULL	1	1
140984	2023-10-29	5CG0357NFL	NULL	NULL	1	1
140985	2023-10-29	5CG0357MS9	NULL	NULL	1	1
140986	2023-10-29	5CG0357MNG	NULL	NULL	1	1
140987	2023-10-29	5CG0357MXN	NULL	NULL	1	1
140988	2023-10-29	5CG0357LX6	NULL	NULL	1	1
140989	2023-10-29	5CG0357MSP	NULL	NULL	1	1
140990	2023-10-29	5CG0357RKF	NULL	NULL	1	1
140991	2023-10-29	5CG0357MJY	NULL	NULL	1	1
140992	2023-10-29	5CG0357LXZ	NULL	NULL	1	3
140993	2023-10-29	5CG0357MXT	NULL	NULL	1	1
140994	2023-10-29	5CG0357PPW	NULL	NULL	1	1
140995	2023-10-29	5CG0357NFF	NULL	NULL	1	1
140996	2023-10-29	5CG0357N6T	NULL	NULL	1	1
140997	2023-10-29	5CG0357LSF	NULL	NULL	1	1
140998	2023-10-29	5CG0357MSD	NULL	NULL	1	1
140999	2023-10-29	5CG0357LS1	NULL	NULL	1	1
141000	2023-10-29	5CG0357LPQ	NULL	NULL	1	1
141001	2023-10-29	5CG0357MMY	NULL	NULL	1	1
141002	2023-10-29	5CG0357MT3	NULL	NULL	1	1
141003	2023-10-29	5CG0357LMX	NULL	NULL	1	1
141004	2023-10-29	5CG0357RW0	NULL	NULL	1	3
141005	2023-10-29	5CG0357LS8	NULL	NULL	1	1
141006	2023-10-29	5CG0357Q27	NULL	NULL	1	1
141007	2023-10-29	5CG0357LNY	NULL	NULL	1	1
141008	2023-10-29	5CG0357LPF	NULL	NULL	1	1
141009	2023-10-29	5CG0357LP1	NULL	NULL	1	1
141010	2023-10-29	5CG0357LQ7	NULL	NULL	1	1
141011	2023-10-29	5CG0357LQD	NULL	NULL	1	1
141012	2023-10-29	5CG0357PPQ	NULL	NULL	1	1
141013	2023-10-29	5CG0357P1C	NULL	NULL	1	1
141014	2023-10-29	5CG0357LQC	NULL	NULL	1	1
141015	2023-10-29	5CG0357P2C	NULL	NULL	1	3
141016	2023-10-29	5CG0357LSD	NULL	NULL	1	1
141017	2023-10-29	5CG0357LXM	NULL	NULL	1	1
141018	2023-10-29	5CG0357P1Q	NULL	NULL	1	1
141019	2023-10-29	5CG0357LLY	NULL	NULL	1	1
141020	2023-10-29	5CG0357LS9	NULL	NULL	1	1
141021	2023-10-29	5CG0357LN9	NULL	NULL	1	1
141022	2023-10-29	5CG0357MS5	NULL	NULL	1	3
141023	2023-11-09	5CG0357QJ3	NULL	NULL	1	1
141024	2023-08-27	5CG029385Y	NULL	NULL	1	1
141025	2023-08-27	5CG0293FG6	NULL	NULL	1	1
141026	2023-08-27	5CG0293FDG	NULL	NULL	1	1
141027	2023-08-27	5CG0293844	NULL	NULL	1	1
141028	2023-10-29	5CG0357MS4	NULL	NULL	1	1
141029	2023-10-29	5CG0357LY8	NULL	NULL	1	4
141030	2023-10-29	5CG0357LQ2	NULL	NULL	1	1
141031	2023-10-29	5CG0357M3P	NULL	NULL	1	1
141032	2023-10-29	5CG0357P1R	NULL	NULL	1	1
141037	2021-10-28	PF1A49DM	NULL	NULL	3	3
141038	2021-10-28	PF1A3WKL	NULL	NULL	3	3
141039	2021-10-28	PF1A3SBX	NULL	NULL	3	3
141040	2021-10-28	PF1A42Z1	NULL	NULL	3	3
141041	2021-10-28	PF1A3UE3	NULL	NULL	3	3
141042	2021-10-28	PF1A3YQ8	NULL	NULL	3	3
141043	2021-10-28	PF1A3YSX	NULL	NULL	3	3
141044	2021-10-28	PF1A4N4J	NULL	NULL	3	3
141045	2021-10-29	PF1A49D9	NULL	NULL	3	3
141046	2021-10-29	PF1A3UHX	NULL	NULL	3	3
141047	2021-10-28	PF1A431T	NULL	NULL	3	3
141048	2021-10-28	PF1A3UFM	NULL	NULL	3	3
141049	2021-10-29	PF1A3YRF	NULL	NULL	3	3
141050	2021-10-28	PF1A47AL	NULL	NULL	3	3
141051	2021-10-29	PF1A454W	NULL	NULL	3	3
141052	2021-10-28	PF1A3UGY	NULL	NULL	3	3
141053	2021-10-28	PF1A3UEE	NULL	NULL	3	3
141054	2021-10-28	PF1A3WLP	NULL	NULL	3	3
141055	2021-10-29	PF1A40WJ	NULL	NULL	3	3
141056	2021-10-28	PF1A4L14	NULL	NULL	3	3
141118	2023-08-27	5CG0293943	NULL	NULL	1	1
141119	2023-08-27	5CG0293DZ7	NULL	NULL	1	1
141120	2023-08-27	5CG0293FNQ	NULL	NULL	1	2
141121	2023-08-27	5CG029384B	NULL	NULL	1	1
141122	2023-08-27	5CG029394M	NULL	NULL	1	2
141123	2023-08-27	5CG0293CXB	NULL	NULL	1	1
141124	2023-08-27	5CG02938R4	NULL	NULL	1	1
141125	2023-08-27	5CG0293B29	NULL	NULL	1	1
141126	2023-08-27	5CG0293FZ5	NULL	NULL	1	1
141127	2023-08-27	5CG0293961	NULL	NULL	1	1
141128	2023-08-27	5CG0293B1R	NULL	NULL	1	1
141129	2023-08-27	5CG0293FG8	NULL	NULL	1	1
141130	2023-08-27	5CG02939DG	NULL	NULL	1	1
141131	2023-08-27	5CG0293DH1	NULL	NULL	1	3
141132	2023-08-27	5CG0293B1J	NULL	NULL	1	3
141133	2023-08-27	5CG0293C0Q	NULL	NULL	1	1
141134	2023-08-27	5CG02937FH	NULL	NULL	1	1
141135	2023-08-27	5CG0293DYZ	NULL	NULL	1	1
141136	2023-08-27	5CG0293FQ4	NULL	NULL	1	1
141137	2023-08-27	5CG0293FNT	NULL	NULL	1	1
141138	2023-08-27	5CG0293B27	NULL	NULL	1	1
141139	2023-08-27	5CG0293FNM	NULL	NULL	1	1
141140	2023-08-27	5CG029395L	NULL	NULL	1	1
141141	2023-08-27	5CG02939DD	NULL	NULL	1	1
141142	2023-08-27	5CG0293CXY	NULL	NULL	1	1
141143	2023-08-27	5CG0293FP0	NULL	NULL	1	1
141144	2023-08-27	5CG0293FQB	NULL	NULL	1	2
141145	2023-08-27	5CG0293DZX	NULL	NULL	1	1
141146	2023-08-27	5CG0293DGM	NULL	NULL	1	1
141147	2023-08-27	5CG0293DGG	NULL	NULL	1	1
141148	2023-08-27	5CG02936WR	NULL	NULL	1	1
141149	2023-08-27	5CG0293CY1	NULL	NULL	1	1
141150	2023-08-27	5CG0293CXX	NULL	NULL	1	1
141151	2023-08-27	5CG0293DHX	NULL	NULL	1	3
141152	2023-08-27	5CG02939BP	NULL	NULL	1	1
141153	2023-08-27	5CG0293CX0	NULL	NULL	1	1
141154	2023-08-27	5CG0293CWQ	NULL	NULL	1	1
141155	2023-08-27	5CG0293FZ4	NULL	NULL	1	1
141156	2023-08-27	5CG0293CW4	NULL	NULL	1	1
141157	2023-08-27	5CG02938PQ	NULL	NULL	1	1
141158	2023-08-27	5CG02938QB	NULL	NULL	1	1
141159	2023-08-27	5CG02936WC	NULL	NULL	1	1
141160	2023-08-27	5CG0293CX4	NULL	NULL	1	1
141161	2023-08-27	5CG0293C28	NULL	NULL	1	1
141162	2023-08-27	5CG02938QK	NULL	NULL	1	3
141163	2023-08-27	5CG02936VW	NULL	NULL	1	1
141164	2023-08-27	5CG0293C0P	NULL	NULL	1	1
141165	2023-08-27	5CG02939CX	NULL	NULL	1	1
141166	2023-08-27	5CG0293CY5	NULL	NULL	1	1
141167	2023-08-27	5CG0293B13	NULL	NULL	1	1
141168	2023-08-27	5CG02938QZ	NULL	NULL	1	1
141169	2023-08-27	5CG0293DJF	NULL	NULL	1	1
141170	2023-08-27	5CG029394C	NULL	NULL	1	1
141171	2023-08-27	5CG0293C2M	NULL	NULL	1	1
141172	2023-08-27	5CG02937F2	NULL	NULL	1	1
141173	2023-08-27	5CG0293DYV	NULL	NULL	1	1
141174	2023-08-27	5CG02939C0	NULL	NULL	1	4
141175	2023-08-27	5CG0293CWX	NULL	NULL	1	1
141176	2023-08-27	5CG0293FZ1	NULL	NULL	1	1
141177	2023-08-27	5CG0293FF9	NULL	NULL	1	1
141178	2023-08-27	5CG0293CX5	NULL	NULL	1	1
141179	2023-08-27	5CG02936WJ	NULL	NULL	1	3
141180	2023-08-27	5CG0293B28	NULL	NULL	1	1
141181	2023-08-27	5CG0293DGZ	NULL	NULL	1	1
141182	2023-08-27	5CG0293F0B	NULL	NULL	1	2
141183	2023-08-27	5CG0293FP1	NULL	NULL	1	1
141184	2023-08-27	5CG0293B32	NULL	NULL	1	1
141185	2023-08-27	5CG0293CXQ	NULL	NULL	1	1
141186	2023-08-27	5CG0293FNP	NULL	NULL	1	1
141187	2023-08-27	5CG0293DGL	NULL	NULL	1	1
141188	2023-08-27	5CG0293DHB	NULL	NULL	1	3
141189	2023-08-27	5CG0293FFM	NULL	NULL	1	3
141190	2023-08-27	5CG0293CY3	NULL	NULL	1	1
141191	2023-08-27	5CG0293DGH	NULL	NULL	1	1
141192	2023-08-27	5CG02937D1	NULL	NULL	1	1
141193	2023-08-27	5CG0293FPY	NULL	NULL	1	2
141194	2023-08-27	5CG0293947	NULL	NULL	1	1
141195	2023-08-27	5CG029394N	NULL	NULL	1	1
141196	2023-08-27	5CG0293FP7	NULL	NULL	1	1
141197	2023-08-27	5CG02937F6	NULL	NULL	1	1
141198	2023-08-27	5CG0293C22	NULL	NULL	1	1
141199	2023-08-27	5CG02937DG	NULL	NULL	1	1
141200	2023-08-27	5CG0293C1P	NULL	NULL	1	3
141201	2023-08-27	5CG029394R	NULL	NULL	1	1
141202	2023-08-27	5CG0293954	NULL	NULL	1	1
141203	2023-08-27	5CG02937CN	NULL	NULL	1	1
141204	2023-08-27	5CG02938QC	NULL	NULL	1	1
141205	2023-08-27	5CG0293FDL	NULL	NULL	1	1
141206	2023-08-27	5CG0293DHM	NULL	NULL	1	1
141207	2023-08-27	5CG02938QN	NULL	NULL	1	1
141208	2023-08-27	5CG0293CWC	NULL	NULL	1	1
141209	2023-08-27	5CG0293FPZ	NULL	NULL	1	1
141210	2023-08-27	5CG02936WX	NULL	NULL	1	1
141211	2023-08-27	5CG0293C1F	NULL	NULL	1	1
141212	2023-08-27	5CG0293C1G	NULL	NULL	1	1
141213	2023-08-27	5CG0293FGG	NULL	NULL	1	1
141214	2023-08-27	5CG0293DGT	NULL	NULL	1	1
141215	2023-08-27	5CG0293FFG	NULL	NULL	1	1
141216	2023-08-27	5CG0293FFV	NULL	NULL	1	1
141217	2023-08-27	5CG02938PM	NULL	NULL	1	1
141218	2023-08-27	5CG0293DHF	NULL	NULL	1	1
141219	2023-08-27	5CG0293DZB	NULL	NULL	1	1
141220	2023-08-27	5CG0293C1Z	NULL	NULL	1	1
141221	2023-08-27	5CG0293FDW	NULL	NULL	1	1
141222	2023-08-27	5CG0293C2F	NULL	NULL	1	1
141223	2023-08-27	5CG0293B2H	NULL	NULL	1	3
141224	2023-08-27	5CG0293FQC	NULL	NULL	1	1
141225	2023-08-27	5CG0293DYG	NULL	NULL	1	1
141226	2023-08-27	5CG02939D9	NULL	NULL	1	1
141227	2023-08-27	5CG0293C0N	NULL	NULL	1	1
141228	2023-08-27	5CG0293FDY	NULL	NULL	1	1
141229	2023-08-27	5CG02939D3	NULL	NULL	1	1
141230	2023-08-27	5CG02938R3	NULL	NULL	1	1
141231	2023-08-27	5CG02938R2	NULL	NULL	1	1
141232	2023-08-27	5CG029394Q	NULL	NULL	1	1
141233	2023-08-27	5CG0293B2B	NULL	NULL	1	1
141234	2023-08-27	5CG0293C21	NULL	NULL	1	1
141235	2023-08-27	5CG02938QY	NULL	NULL	1	1
141236	2023-08-27	5CG0293F01	NULL	NULL	1	1
141237	2023-08-27	5CG02936WK	NULL	NULL	1	1
141238	2023-08-27	5CG0293FPN	NULL	NULL	1	1
141239	2023-08-27	5CG02936WN	NULL	NULL	1	1
141240	2023-08-27	5CG0293C1T	NULL	NULL	1	1
141241	2023-08-27	5CG0293CX6	NULL	NULL	1	1
141242	2023-08-27	5CG02936WT	NULL	NULL	1	1
141243	2023-08-27	5CG0293DJH	NULL	NULL	1	1
141244	2023-08-27	5CG0293CWW	NULL	NULL	1	1
141245	2023-08-27	5CG0293C25	NULL	NULL	1	1
141246	2023-08-27	5CG0293C2J	NULL	NULL	1	1
141247	2023-08-27	5CG0293DGY	NULL	NULL	1	1
141248	2023-08-27	5CG02939BV	NULL	NULL	1	1
141249	2023-08-27	5CG0293DGN	NULL	NULL	1	1
141250	2023-08-27	5CG0293DJ7	NULL	NULL	1	1
141251	2023-08-27	5CG0293FG4	NULL	NULL	1	1
141252	2023-11-09	5CG0357Q5V	NULL	NULL	1	1
141253	2023-08-27	5CG0293FF3	NULL	NULL	1	1
141254	2023-08-27	5CG0293C2K	NULL	NULL	1	1
141255	2023-08-27	5CG0293945	NULL	NULL	1	1
141256	2023-08-27	5CG0293DJ5	NULL	NULL	1	1
141257	2023-08-27	5CG0293CY9	NULL	NULL	1	1
141258	2023-08-27	5CG02939C8	NULL	NULL	1	1
141259	2023-08-27	5CG02938QL	NULL	NULL	1	1
141260	2023-08-27	5CG0293FP4	NULL	NULL	1	1
141261	2023-08-27	5CG0293DYN	NULL	NULL	1	1
141262	2023-08-27	5CG0293DGR	NULL	NULL	1	1
141263	2023-08-27	5CG02939CS	NULL	NULL	1	1
141264	2023-08-27	5CG02939DF	NULL	NULL	1	1
141265	2023-08-27	5CG0293FGF	NULL	NULL	1	1
141266	2023-08-27	5CG02939C4	NULL	NULL	1	1
141267	2023-08-27	5CG0293FF8	NULL	NULL	1	1
141268	2023-08-27	5CG02938QM	NULL	NULL	1	1
141269	2023-08-27	5CG0293FGC	NULL	NULL	1	1
141270	2023-08-27	5CG0293FNN	NULL	NULL	1	1
141271	2023-08-27	5CG02936XN	NULL	NULL	1	1
141272	2023-08-27	5CG02938PH	NULL	NULL	1	1
141273	2023-08-27	5CG0293DJ3	NULL	NULL	1	1
141274	2023-08-27	5CG02937DQ	NULL	NULL	1	1
141275	2023-08-27	5CG0293DH5	NULL	NULL	1	1
141276	2023-08-27	5CG0293DGQ	NULL	NULL	1	1
141277	2023-08-27	5CG0293DYY	NULL	NULL	1	1
141278	2023-08-27	5CG0293DZ3	NULL	NULL	1	1
141279	2023-08-27	5CG0293B16	NULL	NULL	1	1
141280	2023-08-27	5CG02938PD	NULL	NULL	1	1
141281	2023-08-27	5CG0293FPP	NULL	NULL	1	1
141282	2023-08-27	5CG02937DW	NULL	NULL	1	1
141283	2023-08-27	5CG0293FNL	NULL	NULL	1	1
141284	2023-08-27	5CG0293B12	NULL	NULL	1	1
141285	2023-08-27	5CG0293FQQ	NULL	NULL	1	3
141286	2023-08-27	5CG0293FPX	NULL	NULL	1	1
141287	2023-08-27	5CG0293DH4	NULL	NULL	1	1
141288	2023-08-27	5CG02938P7	NULL	NULL	1	1
141289	2023-08-27	5CG0293FQG	NULL	NULL	1	1
141290	2023-08-27	5CG0293DHT	NULL	NULL	1	1
141291	2023-08-27	5CG0293FP2	NULL	NULL	1	1
141292	2023-08-27	5CG0293CWM	NULL	NULL	1	1
141293	2023-08-27	5CG0293FFZ	NULL	NULL	1	1
141294	2023-08-27	5CG02939BL	NULL	NULL	1	1
141295	2023-08-27	5CG0293B1Q	NULL	NULL	1	1
141296	2023-08-27	5CG0293CX2	NULL	NULL	1	1
141297	2023-08-27	5CG0293DJD	NULL	NULL	1	1
141298	2023-08-27	5CG0293FQK	NULL	NULL	1	1
141299	2023-08-27	5CG02937CL	NULL	NULL	1	1
141300	2023-08-27	5CG0293C1K	NULL	NULL	1	1
141301	2023-08-27	5CG02939CM	NULL	NULL	1	1
141302	2023-08-27	5CG0293FF1	NULL	NULL	1	3
141303	2023-08-27	5CG0293964	NULL	NULL	1	1
141304	2023-08-27	5CG0293DJ4	NULL	NULL	1	1
141305	2023-08-27	5CG029394Z	NULL	NULL	1	1
141306	2023-08-27	5CG0293B2D	NULL	NULL	1	1
141307	2023-08-27	5CG0293FPB	NULL	NULL	1	1
141308	2023-08-27	5CG0293CXH	NULL	NULL	1	1
141309	2023-08-27	5CG02936XC	NULL	NULL	1	1
141310	2023-08-27	5CG0293FGH	NULL	NULL	1	1
141311	2023-08-27	5CG0293B1N	NULL	NULL	1	1
141312	2023-08-27	5CG029394P	NULL	NULL	1	1
141313	2023-08-27	5CG02936W6	NULL	NULL	1	1
141314	2023-08-27	5CG0293B21	NULL	NULL	1	1
141315	2023-08-27	5CG0293FP3	NULL	NULL	1	1
141316	2023-08-27	5CG02938PN	NULL	NULL	1	1
141317	2023-08-27	5CG0293C1S	NULL	NULL	1	1
141318	2023-08-27	5CG0293CWP	NULL	NULL	1	1
141319	2023-08-27	5CG0293C2L	NULL	NULL	1	1
141320	2023-08-27	5CG02938P9	NULL	NULL	1	1
141321	2023-08-27	5CG0293DYR	NULL	NULL	1	1
141322	2023-08-27	5CG0293C1X	NULL	NULL	1	1
141323	2023-08-27	5CG02938Q9	NULL	NULL	1	1
141324	2023-08-27	5CG0293FFK	NULL	NULL	1	1
141325	2023-08-27	5CG0293C1C	NULL	NULL	1	3
141326	2023-08-27	5CG0293C0K	NULL	NULL	1	1
141327	2023-08-27	5CG0293CYC	NULL	NULL	1	1
141328	2023-08-27	5CG0293FNK	NULL	NULL	1	1
141329	2023-08-27	5CG0293DYX	NULL	NULL	1	1
141330	2023-08-27	5CG0293DZQ	NULL	NULL	1	1
141331	2023-08-27	5CG0293CXS	NULL	NULL	1	1
141332	2023-08-27	5CG0293DYQ	NULL	NULL	1	1
141333	2023-08-27	5CG0293FPT	NULL	NULL	1	1
141334	2023-08-27	5CG0293CXF	NULL	NULL	1	1
141335	2023-08-27	5CG0293C2C	NULL	NULL	1	1
141336	2023-08-27	5CG0293FFB	NULL	NULL	1	1
141337	2023-08-27	5CG0293B11	NULL	NULL	1	1
141338	2023-08-27	5CG0293DHD	NULL	NULL	1	1
141339	2023-08-27	5CG0293FQ3	NULL	NULL	1	1
141340	2023-08-27	5CG0293FG0	NULL	NULL	1	3
141341	2023-08-27	5CG0293C1D	NULL	NULL	1	1
141342	2023-08-27	5CG029395M	NULL	NULL	1	1
141343	2023-08-27	5CG02938P2	NULL	NULL	1	1
141344	2023-08-27	5CG02936XD	NULL	NULL	1	1
141345	2023-08-27	5CG02938PF	NULL	NULL	1	1
141346	2023-08-27	5CG0293B1Y	NULL	NULL	1	1
141347	2023-08-27	5CG0293B1G	NULL	NULL	1	1
141348	2023-08-27	5CG0293B2W	NULL	NULL	1	1
141349	2023-08-27	5CG02938PL	NULL	NULL	1	3
141350	2023-08-27	5CG0293B1V	NULL	NULL	1	3
141351	2023-08-27	5CG0293B1M	NULL	NULL	1	1
141352	2023-08-27	5CG0293FF0	NULL	NULL	1	1
141353	2023-08-27	5CG0293CY4	NULL	NULL	1	3
141354	2023-08-27	5CG0293FDJ	NULL	NULL	1	1
141355	2023-08-27	5CG0293C0R	NULL	NULL	1	2
141356	2023-08-27	5CG0293DHP	NULL	NULL	1	3
141357	2023-08-27	5CG02937FK	NULL	NULL	1	1
141358	2023-08-27	5CG02939BN	NULL	NULL	1	1
141359	2023-08-27	5CG0293858	NULL	NULL	1	1
141360	2023-08-27	5CG0293DHL	NULL	NULL	1	1
141361	2023-08-27	5CG0293DJ6	NULL	NULL	1	1
141362	2023-08-27	5CG0293FPD	NULL	NULL	1	1
141363	2023-08-27	5CG0293B20	NULL	NULL	1	1
141364	2023-08-27	5CG0293FDF	NULL	NULL	1	1
141365	2023-08-27	5CG0293944	NULL	NULL	1	1
141366	2023-08-27	5CG0293FG7	NULL	NULL	1	1
141367	2023-08-27	5CG029394K	NULL	NULL	1	1
141368	2023-08-27	5CG02938PS	NULL	NULL	1	1
141369	2023-08-27	5CG0293B1P	NULL	NULL	1	1
141370	2023-08-27	5CG0293CXV	NULL	NULL	1	1
141371	2023-08-27	5CG0293848	NULL	NULL	1	1
141372	2023-08-27	5CG0293C2G	NULL	NULL	1	1
141373	2023-08-27	5CG02937DF	NULL	NULL	1	1
141374	2023-08-27	5CG0293C0L	NULL	NULL	1	3
141375	2023-08-27	5CG02937CY	NULL	NULL	1	1
141376	2023-08-27	5CG0293C19	NULL	NULL	1	1
141377	2023-08-27	5CG0293CWL	NULL	NULL	1	1
141378	2023-08-27	5CG0293F0H	NULL	NULL	1	1
141379	2023-08-27	5CG0293B2Q	NULL	NULL	1	1
141380	2023-08-27	5CG0293B2V	NULL	NULL	1	1
141381	2023-08-27	5CG02937DZ	NULL	NULL	1	1
141382	2023-08-27	5CG0293DJJ	NULL	NULL	1	1
141383	2023-08-27	5CG0293FDH	NULL	NULL	1	1
141384	2023-08-27	5CG0293FDN	NULL	NULL	1	1
141385	2023-08-27	5CG0293B1B	NULL	NULL	1	1
141386	2023-08-27	5CG0293CWY	NULL	NULL	1	1
141387	2023-08-27	5CG02936WD	NULL	NULL	1	1
141388	2023-08-27	5CG0293C2D	NULL	NULL	1	1
141389	2023-08-27	5CG0293FQP	NULL	NULL	1	1
141390	2023-08-27	5CG0293CXR	NULL	NULL	1	1
141391	2023-08-27	5CG0293FPJ	NULL	NULL	1	1
141392	2023-08-27	5CG0293FDB	NULL	NULL	1	1
141393	2023-08-27	5CG0293C23	NULL	NULL	1	1
141394	2023-08-27	5CG0293949	NULL	NULL	1	1
141395	2023-08-27	5CG02938Q8	NULL	NULL	1	1
141396	2023-08-27	5CG0293FFD	NULL	NULL	1	1
141397	2023-08-27	5CG0293F0F	NULL	NULL	1	1
141398	2023-08-27	5CG02939BH	NULL	NULL	1	3
141399	2023-08-27	5CG0293FPH	NULL	NULL	1	1
141400	2023-08-27	5CG0293DYP	NULL	NULL	1	1
141401	2023-08-27	5CG02939BR	NULL	NULL	1	1
141402	2023-08-27	5CG0293FNS	NULL	NULL	1	1
141403	2023-08-27	5CG0293FF4	NULL	NULL	1	1
141404	2023-08-27	5CG0293CXZ	NULL	NULL	1	1
141405	2023-08-27	5CG029396B	NULL	NULL	1	1
141406	2023-08-27	5CG0293DYT	NULL	NULL	1	3
141407	2023-08-27	5CG0293B1F	NULL	NULL	1	1
141408	2023-08-27	5CG0293C2H	NULL	NULL	1	1
141409	2023-08-27	5CG0293847	NULL	NULL	1	1
141410	2023-08-27	5CG02937D0	NULL	NULL	1	1
141411	2023-08-27	5CG0293CX9	NULL	NULL	1	1
141412	2023-08-27	5CG0293F0C	NULL	NULL	1	1
141413	2023-11-09	5CG0357Q5Y	NULL	NULL	1	1
141414	2023-08-27	5CG0293FFR	NULL	NULL	1	1
141415	2023-08-27	5CG0293DZK	NULL	NULL	1	1
141416	2023-08-27	5CG0293FNH	NULL	NULL	1	1
141417	2023-08-27	5CG0293FPW	NULL	NULL	1	1
141418	2023-08-27	5CG02937D4	NULL	NULL	1	2
141419	2023-08-27	5CG0293FG2	NULL	NULL	1	1
141420	2023-08-27	5CG0293CWZ	NULL	NULL	1	1
141421	2023-08-27	5CG0293FPS	NULL	NULL	1	1
141422	2023-08-27	5CG0293DYJ	NULL	NULL	1	1
141423	2023-08-27	5CG0293CX3	NULL	NULL	1	1
141424	2023-08-27	5CG0293F06	NULL	NULL	1	1
141425	2023-08-27	5CG0293FQN	NULL	NULL	1	2
141426	2023-08-27	5CG0293FQD	NULL	NULL	1	2
141427	2023-08-27	5CG0293B33	NULL	NULL	1	2
141428	2023-08-27	5CG0293DHY	NULL	NULL	1	2
141429	2023-08-27	5CG029385Q	NULL	NULL	1	2
141430	2023-08-27	5CG0293CXG	NULL	NULL	1	2
141431	2023-08-27	5CG0293FDT	NULL	NULL	1	2
141432	2023-08-27	5CG02936W2	NULL	NULL	1	2
141433	2023-08-27	5CG0293FQ9	NULL	NULL	1	2
141434	2023-11-09	5CG0357Q6M	NULL	NULL	1	2
141435	2023-08-27	5CG02937FD	NULL	NULL	1	2
141436	2023-08-27	5CG0293B22	NULL	NULL	1	2
141437	2023-08-27	5CG0293FFP	NULL	NULL	1	2
141438	2023-08-27	5CG029384G	NULL	NULL	1	2
141439	2023-08-27	5CG0293CXK	NULL	NULL	1	2
141440	2023-08-27	5CG0293DH9	NULL	NULL	1	2
141441	2023-08-27	5CG02938QH	NULL	NULL	1	2
141442	2023-08-27	5CG0293FDR	NULL	NULL	1	2
141443	2023-10-29	5CG0293C18	NULL	NULL	1	2
141444	2023-08-27	5CG0293C13	NULL	NULL	1	2
141445	2023-08-27	5CG0293FZ3	NULL	NULL	1	2
141446	2023-08-27	5CG02938QG	NULL	NULL	1	2
141447	2023-08-27	5CG0293FQM	NULL	NULL	1	2
141448	2023-08-27	5CG0293DJ9	NULL	NULL	1	2
141449	2023-08-27	5CG02938QJ	NULL	NULL	1	2
141450	2023-08-27	5CG0293C26	NULL	NULL	1	2
141451	2023-08-27	5CG02939BM	NULL	NULL	1	2
141452	2023-08-27	5CG0293FNX	NULL	NULL	1	2
141453	2023-08-27	5CG02938QQ	NULL	NULL	1	2
141454	2023-08-27	5CG0293FQ6	NULL	NULL	1	2
141455	2023-08-27	5CG0293B23	NULL	NULL	1	2
141456	2023-08-27	5CG0293C0D	NULL	NULL	1	2
141457	2023-08-27	5CG0293DZW	NULL	NULL	1	2
141458	2023-08-27	5CG0293C20	NULL	NULL	1	2
141459	2023-08-27	5CG0293FF2	NULL	NULL	1	2
141460	2023-08-27	5CG0293B15	NULL	NULL	1	2
141461	2023-08-27	5CG0293CXL	NULL	NULL	1	2
141462	2023-08-27	5CG029394X	NULL	NULL	1	2
141463	2023-08-27	5CG0293DHK	NULL	NULL	1	2
141464	2023-08-27	5CG0293DJB	NULL	NULL	1	2
141465	2023-08-27	5CG0293FZ2	NULL	NULL	1	2
141466	2023-08-27	5CG02938R1	NULL	NULL	1	2
141467	2023-08-27	5CG0293FQ7	NULL	NULL	1	2
141468	2023-08-27	5CG0293DZT	NULL	NULL	1	2
141469	2023-08-27	5CG0293FZ6	NULL	NULL	1	2
141470	2023-08-27	5CG0293CX8	NULL	NULL	1	2
141471	2023-08-27	5CG0293FDK	NULL	NULL	1	2
141472	2023-08-27	5CG0293B1X	NULL	NULL	1	2
141473	2023-08-27	5CG0293958	NULL	NULL	1	2
141474	2023-08-27	5CG0293CW5	NULL	NULL	1	2
141475	2023-08-27	5CG0293FPF	NULL	NULL	1	2
141476	2023-08-27	5CG0293CXN	NULL	NULL	1	4
141477	2023-08-27	5CG0293DZP	NULL	NULL	1	4
141478	2023-08-27	5CG0293FNJ	NULL	NULL	1	4
141479	2023-08-27	5CG0293C1Q	NULL	NULL	1	4
141480	2023-08-27	5CG02936W0	NULL	NULL	1	4
141481	2023-08-27	5CG0293CY0	NULL	NULL	1	4
141482	2023-08-27	5CG0293FGB	NULL	NULL	1	4
141483	2023-08-27	5CG0293DH6	NULL	NULL	1	4
141484	2023-08-27	5CG0293FDS	NULL	NULL	1	4
141485	2023-08-27	5CG02937F0	NULL	NULL	1	4
141486	2023-08-27	5CG0293DYB	NULL	NULL	1	4
141487	2023-08-27	5CG0293B34	NULL	NULL	1	4
141488	2023-08-27	5CG0293DGX	NULL	NULL	1	4
141489	2023-08-27	5CG0293FPM	NULL	NULL	1	4
141490	2023-08-27	5CG0293B1H	NULL	NULL	1	4
141491	2023-08-27	5CG02938PC	NULL	NULL	1	4
141492	2023-08-27	5CG029394G	NULL	NULL	1	4
141493	2023-08-27	5CG0293CXW	NULL	NULL	1	4
141494	2023-08-27	5CG0293DHJ	NULL	NULL	1	4
141495	2023-08-27	5CG0293DZH	NULL	NULL	1	4
141496	2023-08-27	5CG0293DZ2	NULL	NULL	1	4
141497	2023-08-27	5CG0293B2M	NULL	NULL	1	4
141498	2023-08-27	5CG02936W4	NULL	NULL	1	4
141499	2023-08-27	5CG0293FPR	NULL	NULL	1	4
141500	2023-08-27	5CG0293DGD	NULL	NULL	1	4
141501	2023-08-27	5CG0293DZG	NULL	NULL	1	4
141502	2023-08-27	5CG029383Z	NULL	NULL	1	4
141503	2023-08-27	5CG0293CX1	NULL	NULL	1	4
141504	2023-08-27	5CG0293FG3	NULL	NULL	1	4
141505	2023-08-27	5CG0293FDQ	NULL	NULL	1	4
141506	2023-10-29	5CG0293DGS	NULL	NULL	1	4
141507	2023-08-27	5CG0293B18	NULL	NULL	1	4
141508	2023-08-27	5CG0293B1L	NULL	NULL	1	4
141509	2023-08-27	5CG0293DH3	NULL	NULL	1	4
141510	2023-08-27	5CG0293F07	NULL	NULL	1	4
141511	2023-08-27	5CG0293FQH	NULL	NULL	1	4
141512	2023-08-27	5CG02938PR	NULL	NULL	1	4
141513	2023-08-27	5CG0293FNR	NULL	NULL	1	4
141514	2023-08-27	5CG029385Z	NULL	NULL	1	4
141515	2023-08-27	5CG029384F	NULL	NULL	1	4
141516	2023-08-27	5CG0293DZ0	NULL	NULL	1	4
141517	2023-08-27	5CG0293FP8	NULL	NULL	1	4
141518	2023-08-27	5CG02937CP	NULL	NULL	1	4
141519	2023-08-27	5CG0293C0S	NULL	NULL	1	4
141520	2023-08-27	5CG0293FNY	NULL	NULL	1	4
141521	2023-08-27	5CG0293F0K	NULL	NULL	1	3
141522	2023-08-27	5CG0293FFF	NULL	NULL	1	3
141523	2023-08-27	5CG0293C1R	NULL	NULL	1	3
141524	2023-08-27	5CG0293CW9	NULL	NULL	1	3
141525	2023-08-27	5CG02937DX	NULL	NULL	1	3
141526	2023-08-27	5CG0293CWJ	NULL	NULL	1	3
141527	2023-08-27	5CG0293DGJ	NULL	NULL	1	3
141528	2023-08-27	5CG0293C0J	NULL	NULL	1	3
141529	2023-08-27	5CG0293C1H	NULL	NULL	1	3
141530	2023-08-27	5CG0293952	NULL	NULL	1	3
141531	2023-08-27	5CG02938PX	NULL	NULL	1	3
141532	2023-08-27	5CG02937F4	NULL	NULL	1	3
141533	2023-08-27	5CG0293FP5	NULL	NULL	1	3
141534	2023-08-27	5CG0293B2R	NULL	NULL	1	3
141535	2023-08-27	5CG0293DHG	NULL	NULL	1	3
141536	2023-08-27	5CG02936WB	NULL	NULL	1	3
141537	2023-08-27	5CG02938QW	NULL	NULL	1	3
141538	2023-08-27	5CG0293B2Z	NULL	NULL	1	3
141539	2023-08-27	5CG0293CWH	NULL	NULL	1	3
141540	2023-08-27	5CG0293963	NULL	NULL	1	3
141541	2023-08-27	5CG02939CD	NULL	NULL	1	3
141542	2023-08-27	5CG0293CXJ	NULL	NULL	1	3
141543	2023-08-27	5CG0293B2X	NULL	NULL	1	3
141544	2023-08-27	5CG02938QX	NULL	NULL	1	3
141545	2023-08-27	5CG029395P	NULL	NULL	1	3
141546	2023-08-27	5CG0293B2P	NULL	NULL	1	3
141547	2023-08-27	5CG0293DJ8	NULL	NULL	1	3
141548	2023-08-27	5CG02939DL	NULL	NULL	1	3
141549	2023-08-27	5CG02937DT	NULL	NULL	1	3
141550	2023-08-27	5CG0293FNZ	NULL	NULL	1	3
141551	2023-08-27	5CG0293CYB	NULL	NULL	1	3
141552	2023-08-27	5CG0293C1N	NULL	NULL	1	3
141553	2023-08-27	5CG02936W8	NULL	NULL	1	3
141554	2023-08-27	5CG0293DH2	NULL	NULL	1	3
141555	2023-08-27	5CG02939CC	NULL	NULL	1	3
141556	2023-08-27	5CG0293B2Y	NULL	NULL	1	3
141557	2023-08-27	5CG0293DH8	NULL	NULL	1	3
141558	2023-08-27	5CG0293B1Z	NULL	NULL	1	3
141559	2023-08-27	5CG0293F0G	NULL	NULL	1	3
141560	2023-08-27	5CG02937DP	NULL	NULL	1	3
141561	2023-08-27	5CG0293CY7	NULL	NULL	1	3
141562	2023-08-27	5CG0293DYH	NULL	NULL	1	3
141563	2023-08-27	5CG0293DJC	NULL	NULL	1	3
141564	2023-08-27	5CG0293CWK	NULL	NULL	1	3
141565	2023-08-27	5CG0293DZY	NULL	NULL	1	3
141566	2023-08-27	5CG0293FQ0	NULL	NULL	1	3
141567	2023-08-27	5CG0293C1V	NULL	NULL	1	3
141568	2023-08-27	5CG0293DYD	NULL	NULL	1	3
141569	2023-08-27	5CG02937DN	NULL	NULL	1	3
141570	2023-08-27	5CG02937DD	NULL	NULL	1	3
141571	2023-08-27	5CG0293CWT	NULL	NULL	1	3
141572	2023-08-27	5CG0293C27	NULL	NULL	1	3
141573	2023-08-27	5CG0293DGW	NULL	NULL	1	3
141574	2023-08-27	5CG0293CWR	NULL	NULL	1	3
141575	2023-08-27	5CG0293DHS	NULL	NULL	1	3
141576	2023-08-27	5CG02939BS	NULL	NULL	1	3
141577	2023-08-27	5CG0293DGP	NULL	NULL	1	3
141578	2023-08-27	5CG0293DZD	NULL	NULL	1	3
141579	2023-08-27	5CG0293FG5	NULL	NULL	1	3
141580	2023-08-27	5CG0293B37	NULL	NULL	1	3
141581	2023-08-27	5CG0293B30	NULL	NULL	1	3
141582	2023-08-27	5CG0293B1W	NULL	NULL	1	3
141583	2023-08-27	5CG0293FQ2	NULL	NULL	1	3
141584	2023-08-27	5CG0293C29	NULL	NULL	1	3
141585	2023-08-27	5CG0293FNV	NULL	NULL	1	3
141586	2023-08-27	5CG0293F08	NULL	NULL	1	3
141587	2023-08-27	5CG0293C0F	NULL	NULL	1	3
141588	2023-08-27	5CG0293DZ9	NULL	NULL	1	3
141589	2023-08-27	5CG0293CY2	NULL	NULL	1	3
141590	2023-08-27	5CG0293FPK	NULL	NULL	1	3
141591	2023-08-27	5CG0293FPQ	NULL	NULL	1	3
141592	2023-08-27	5CG02937DJ	NULL	NULL	1	3
141593	2023-08-27	5CG0293DH0	NULL	NULL	1	3
141594	2023-08-27	5CG0293B2J	NULL	NULL	1	3
141595	2023-08-27	5CG0293969	NULL	NULL	1	3
141596	2023-08-27	5CG0293B1K	NULL	NULL	1	3
141597	2023-08-27	5CG0293DHR	NULL	NULL	1	3
141598	2023-08-27	5CG0293C0V	NULL	NULL	1	3
141599	2023-08-27	5CG02937DC	NULL	NULL	1	3
141600	2023-08-27	5CG02939D4	NULL	NULL	1	3
141601	2023-08-27	5CG0293CY6	NULL	NULL	1	3
141602	2023-08-27	5CG029385M	NULL	NULL	1	1
141603	2023-08-27	5CG0293CXP	NULL	NULL	1	1
141604	2023-08-27	5CG029384J	NULL	NULL	1	1
141605	2023-08-27	5CG0293948	NULL	NULL	1	1
141606	2023-08-27	5CG0293CW6	NULL	NULL	1	1
141607	2023-08-27	5CG0293CW7	NULL	NULL	1	1
141608	2023-08-27	5CG0293B25	NULL	NULL	1	1
141609	2023-08-27	5CG0293DJ1	NULL	NULL	1	1
141610	2023-08-27	5CG02937FB	NULL	NULL	1	1
141611	2023-08-27	5CG0293C0M	NULL	NULL	1	1
141612	2023-08-27	5CG0293CWV	NULL	NULL	1	1
141613	2021-10-27	SLR0E6DRT	NULL	NULL	2	1
141614	2022-03-12	SLR0E7ZLE	NULL	NULL	2	3
141615	2022-03-12	SLR0E7Z3P	NULL	NULL	2	1
141616	2022-03-12	SLR0E6DPW	NULL	NULL	2	3
141617	2021-10-27	SLR0E7ZDN	NULL	NULL	2	3
141618	2021-10-27	SLR0E7Z38	NULL	NULL	2	1
141619	2021-10-27	SLR0E7ZM9	NULL	NULL	2	3
141620	2022-03-12	SLR0E6DYF	NULL	NULL	2	3
141621	2022-03-12	SLR0E7ZEW	NULL	NULL	2	3
141622	2022-03-12	SLR0E7ZR0	NULL	NULL	2	3
141623	2021-10-27	SLR0E6DM0	NULL	NULL	2	3
141624	2022-03-12	SLR0E4001	NULL	NULL	2	1
141625	2022-03-12	SLR0E6DMC	NULL	NULL	2	4
141626	2021-10-27	SLR0E7ZQF	NULL	NULL	2	1
141627	2021-10-27	SLR0E7Z1F	NULL	NULL	2	1
141628	2022-03-12	SLR0E6DQ3	NULL	NULL	2	3
141629	2022-03-12	SLR0E6DX5	NULL	NULL	2	3
141631	2022-03-12	SLR0E7ZKG	NULL	NULL	2	3
141632	2022-03-12	SLR0E6DTL	NULL	NULL	2	3
141633	2021-10-27	SLR0E7Z9F	NULL	NULL	2	3
141634	2021-10-27	SLR0E6DME	NULL	NULL	2	3
141635	2022-03-12	SLR0E3W5B	NULL	NULL	2	3
141636	2022-03-12	SLR0E6D7N	NULL	NULL	2	1
141637	2022-03-12	SLR0E3W7J	NULL	NULL	2	3
141638	2022-03-12	SLR0E6DP1	NULL	NULL	2	4
141639	2021-11-30	SLR0E40B5	NULL	NULL	2	1
141640	2022-03-12	SLR0E6DQD	NULL	NULL	2	1
141641	2022-03-12	SLR0E6DQG	NULL	NULL	2	1
141642	2021-11-30	SLR0E3ZW6	NULL	NULL	2	4
141643	2021-10-27	SLR0E7ZKV	NULL	NULL	2	4
141644	2021-10-27	SLR0E7Z5N	NULL	NULL	2	1
141645	2022-03-12	SLR0E6DQ6	NULL	NULL	2	4
141646	2022-03-12	SLR0E3W7Q	NULL	NULL	2	1
141647	2022-03-12	SLR0E6DL0	NULL	NULL	2	1
141648	2021-11-30	SLR0E3ZZZ	NULL	NULL	2	1
141649	2022-03-12	SLR0E3W5X	NULL	NULL	2	1
141650	2021-11-30	SLR0E40DJ	NULL	NULL	2	3
141651	2021-10-27	SLR0E7ZHH	NULL	NULL	2	4
141652	2022-03-12	SLR0E7ZNN	NULL	NULL	2	3
141653	2022-03-12	SLR0E7ZFG	NULL	NULL	2	1
141654	2022-03-12	SLR0E3ZS6	NULL	NULL	2	1
141655	2022-03-12	SLR0E40DY	NULL	NULL	2	3
141656	2021-10-27	SLR0E6D93	NULL	NULL	2	3
141657	2022-03-12	SLR0E6DYB	NULL	NULL	2	3
141658	2022-03-12	SLR0E7Z8H	NULL	NULL	2	3
141659	2021-11-30	SLR0E4002	NULL	NULL	2	1
141660	2021-10-27	SLR0E6DM1	NULL	NULL	2	1
141661	2022-03-12	SLR0E3W54	NULL	NULL	2	1
141662	2022-03-12	SLR0E7Z8Q	NULL	NULL	2	3
141663	2022-03-12	SLR0E6D8N	NULL	NULL	2	1
141664	2022-03-12	SLR0E3W5P	NULL	NULL	2	1
141665	2022-03-12	SLR0E7ZJC	NULL	NULL	2	1
141666	2022-03-12	SLR0E7Z37	NULL	NULL	2	1
141667	2022-02-28	SLR0E7ZKM	NULL	NULL	2	1
141668	2022-03-12	SLR0E6DXD	NULL	NULL	2	1
141669	2022-03-12	SLR0E7Z3J	NULL	NULL	2	1
141670	2021-10-27	SLR0E6D7K	NULL	NULL	2	1
141671	2022-03-12	SLR0E40RD	NULL	NULL	2	1
141672	2022-03-12	SLR0DZX41	NULL	NULL	2	1
141673	2021-11-30	SLR0E401N	NULL	NULL	2	1
141674	2022-03-12	SLR0E3W73	NULL	NULL	2	1
141675	2022-03-12	SLR0E3W5T	NULL	NULL	2	3
141676	2022-03-12	SLR0E6DP4	NULL	NULL	2	1
141677	2022-03-12	SLR0E6DXY	NULL	NULL	2	1
141678	2021-10-27	SLR0E7YVY	NULL	NULL	2	1
141679	2022-04-13	SLR0E6DP7	NULL	NULL	2	1
141680	2021-10-27	SLR0E6DR3	NULL	NULL	2	1
141681	2021-10-27	SLR0E6D7P	NULL	NULL	2	1
141682	2022-03-12	SLR0E6DKY	NULL	NULL	2	1
141683	2022-03-12	SLR0E6DY4	NULL	NULL	2	1
141684	2022-04-15	SLR0E6DTA	NULL	NULL	2	1
141685	2022-03-12	SLR0E6DW6	NULL	NULL	2	1
141686	2021-10-27	SLR0E7YTB	NULL	NULL	2	1
141687	2022-02-20	SLR0E6DQ0	NULL	NULL	2	1
141688	2021-11-30	SLR0E408F	NULL	NULL	2	1
141689	2021-10-27	SLR0E7ZE5	NULL	NULL	2	1
141690	2022-04-15	SLR0E7ZF7	NULL	NULL	2	1
141691	2022-03-12	SLR0E7ZQT	NULL	NULL	2	1
141692	2021-10-27	SLR0E6DGD	NULL	NULL	2	1
141693	2022-03-12	SLR0E7Z45	NULL	NULL	2	1
141694	2022-03-12	SLR0E7Z5X	NULL	NULL	2	1
141695	2021-10-27	SLR0E7ZH7	NULL	NULL	2	1
141696	2021-10-27	SLR0E6DF0	NULL	NULL	2	3
141697	2022-04-15	SLR0E7ZEC	NULL	NULL	2	1
141698	2022-03-12	SLR0E7ZDD	NULL	NULL	2	4
141699	2022-03-12	SLR0E3W5H	NULL	NULL	2	1
141700	2022-03-12	SLR0E6DYC	NULL	NULL	2	1
141701	2021-10-27	SLR0E6DM2	NULL	NULL	2	1
141702	2022-03-12	SLR0E7ZAS	NULL	NULL	2	1
141703	2022-03-12	SLR0E6D9B	NULL	NULL	2	1
141704	2022-03-12	SLR0E7YTG	NULL	NULL	2	4
141705	2021-10-27	SLR0E6DQZ	NULL	NULL	2	1
141706	2021-10-27	SLR0E6DH5	NULL	NULL	2	1
141707	2021-10-27	SLR0E6DQQ	NULL	NULL	2	1
141708	2022-03-12	SLR0E6DEY	NULL	NULL	2	1
141709	2022-03-12	SLR0E3ZWQ	NULL	NULL	2	4
141710	2022-04-15	SLR0DZX42	NULL	NULL	2	1
141711	2022-03-12	SLR0E3W65	NULL	NULL	2	1
141712	2022-04-15	SLR0E3W55	NULL	NULL	2	1
141713	2022-03-12	SLR0E6DA2	NULL	NULL	2	1
141714	2021-11-30	SLR0E3ZQ0	NULL	NULL	2	1
141715	2022-03-12	SLR0E6DWH	NULL	NULL	2	4
141716	2022-03-12	SLR0E6DEB	NULL	NULL	2	1
141717	2022-03-12	SLR0E6DQM	NULL	NULL	2	4
141718	2022-03-12	SLR0E6DRM	NULL	NULL	2	3
141719	2022-03-12	SLR0E7YWL	NULL	NULL	2	4
141720	2021-11-30	SLR0E3ZSD	NULL	NULL	2	3
141721	2021-10-27	SLR0E6DQP	NULL	NULL	2	3
141722	2022-04-15	SLR0E7ZL0	NULL	NULL	2	1
141723	2022-03-12	SLR0E6DKG	NULL	NULL	2	1
141724	2021-11-30	SLR0E40Q2	NULL	NULL	2	3
141725	2022-03-12	SLR0E6DY9	NULL	NULL	2	3
141726	2022-03-12	SLR0E7Z13	NULL	NULL	2	1
141727	2022-03-12	SLR0E6DS1	NULL	NULL	2	1
141728	2021-10-27	SLR0E6D70	NULL	NULL	2	2
141729	2022-03-12	SLR0E7Z5J	NULL	NULL	2	1
141730	2021-11-30	SLR0E3W6H	NULL	NULL	2	1
141731	2022-03-12	SLR0E6DQF	NULL	NULL	2	1
141732	2021-11-30	SLR0E3W63	NULL	NULL	2	3
141733	2022-03-12	SLR0E6DX9	NULL	NULL	2	1
141734	2021-11-30	SLR0E3ZSF	NULL	NULL	2	1
141735	2021-11-30	SLR0E402A	NULL	NULL	2	1
141736	2022-03-12	SLR0E7ZC3	NULL	NULL	2	3
141737	2021-10-27	SLR0E7ZN1	NULL	NULL	2	3
141738	2021-10-27	SLR0E7ZJ5	NULL	NULL	2	3
141739	2022-03-12	SLR0E3W7D	NULL	NULL	2	1
141740	2022-03-12	SLR0E7ZQ7	NULL	NULL	2	1
141741	2022-03-12	SLR0E7ZFV	NULL	NULL	2	1
141742	2022-03-12	SLR0E6DQW	NULL	NULL	2	1
141743	2021-10-27	SLR0E7ZF2	NULL	NULL	2	1
141744	2022-04-15	SLR0E7ZER	NULL	NULL	2	1
141745	2022-03-12	SLR0E6DPE	NULL	NULL	2	3
141746	2022-03-12	SLR0E7ZGP	NULL	NULL	2	1
141747	2021-11-30	SLR0E3ZXD	NULL	NULL	2	1
141748	2022-03-12	SLR0E6DY8	NULL	NULL	2	1
141749	2021-10-27	SLR0E7ZEQ	NULL	NULL	2	1
141750	2022-03-12	SLR0E7Z0H	NULL	NULL	2	1
141751	2022-04-15	SLR0E6DQR	NULL	NULL	2	1
141752	2022-03-12	SLR0E3W6Y	NULL	NULL	2	1
141753	2021-10-27	SLR0E7ZK7	NULL	NULL	2	1
141754	2022-03-12	SLR0E6DLM	NULL	NULL	2	3
141755	2021-10-27	SLR0E7ZCG	NULL	NULL	2	1
141756	2022-03-12	SLR0E7ZS1	NULL	NULL	2	3
141757	2021-10-27	SLR0E6DTF	NULL	NULL	2	1
141758	2022-04-15	SLR0E6DX7	NULL	NULL	2	1
141759	2022-03-12	SLR0E7ZGZ	NULL	NULL	2	1
141760	2021-10-27	SLR0E7Z98	NULL	NULL	2	1
141761	2022-03-12	SLR0E6DTY	NULL	NULL	2	1
141762	2022-03-12	SLR0E3W5Q	NULL	NULL	2	1
141763	2021-11-30	SLR0E3W6D	NULL	NULL	2	1
141764	2021-11-30	SLR0E40A5	NULL	NULL	2	3
141765	2022-03-12	SLR0E6DNG	NULL	NULL	2	1
141766	2021-11-30	SLR0E3W62	NULL	NULL	2	1
141767	2022-03-12	SLR0E6DY3	NULL	NULL	2	1
141768	2022-03-12	SLR0E3W5K	NULL	NULL	2	1
141769	2021-11-30	SLR0E3ZPM	NULL	NULL	2	1
141770	2022-04-15	SLR0E7ZA8	NULL	NULL	2	1
141771	2021-10-27	SLR0E6DPP	NULL	NULL	2	1
141772	2022-03-12	SLR0E40R3	NULL	NULL	2	1
141773	2022-03-12	SLR0E3W7E	NULL	NULL	2	1
141774	2022-03-12	SLR0E401H	NULL	NULL	2	1
141775	2022-03-12	SLR0E40Q5	NULL	NULL	2	1
141776	2022-03-12	SLR0E7Z14	NULL	NULL	2	1
141777	2022-03-12	SLR0E7Z1G	NULL	NULL	2	4
141778	2022-03-12	SLR0E6DNW	NULL	NULL	2	1
141779	2022-03-12	SLR0E7ZCV	NULL	NULL	2	1
141780	2022-03-12	SLR0E3ZZY	NULL	NULL	2	1
141781	2022-03-12	SLR0E7Z01	NULL	NULL	2	1
141782	2022-03-12	SLR0E7YWN	NULL	NULL	2	1
141783	2022-04-15	SLR0E40L6	NULL	NULL	2	1
141784	2022-03-12	SLR0E6D90	NULL	NULL	2	1
141785	2021-12-01	SLR0E1L49	NULL	NULL	2	1
141786	2021-12-01	SLR0E1KQC	NULL	NULL	2	1
141787	2021-09-25	SLR0E1NDG	NULL	NULL	2	1
141788	2021-09-25	SLR0E1NFA	NULL	NULL	2	1
141789	2021-12-01	SLR0E1KXN	NULL	NULL	2	1
141790	2021-12-01	SLR0E1KQJ	NULL	NULL	2	1
141791	2021-12-01	SLR0E1KQP	NULL	NULL	2	1
141792	2021-09-25	SLR0E1NKB	NULL	NULL	2	1
141793	2020-09-26	SLR0E1L43	NULL	NULL	2	1
141794	2021-09-25	SLR0E1KPM	NULL	NULL	2	1
141795	2021-09-25	SLR0E1NNH	NULL	NULL	2	1
141796	2021-09-25	SLR0E1NM6	NULL	NULL	2	1
141797	2021-09-25	SLR0E1NFC	NULL	NULL	2	1
141798	2021-12-01	SLR0E3NYV	NULL	NULL	2	1
141799	2021-12-01	SLR0E3NW5	NULL	NULL	2	1
141800	2021-09-25	SLR0E1NNR	NULL	NULL	2	1
141801	2021-09-25	SLR0E1NL0	NULL	NULL	2	1
141802	2021-09-25	SLR0E1N9C	NULL	NULL	2	1
141803	2021-09-26	SLR0E1NTR	NULL	NULL	2	1
141804	2021-09-25	SLR0E1NGD	NULL	NULL	2	1
141805	2021-12-01	SLR0E3NZJ	NULL	NULL	2	1
141806	2021-09-25	SLR0E1NPF	NULL	NULL	2	1
141807	2021-09-25	SLR0E1NS8	NULL	NULL	2	1
141808	2021-12-01	SLR0E1KPN	NULL	NULL	2	1
141809	2021-09-25	SLR0E1NGH	NULL	NULL	2	1
141810	2021-09-25	SLR0E1NPL	NULL	NULL	2	1
141811	2021-09-25	SLR0E1L1S	NULL	NULL	2	1
141812	2021-09-25	SLR0E1KPZ	NULL	NULL	2	1
141813	2021-09-25	SLR0E1NMG	NULL	NULL	2	1
141814	2021-09-25	SLR0E1NM4	NULL	NULL	2	1
141815	2021-09-25	SLR0E1NDE	NULL	NULL	2	1
141816	2021-09-25	SLR0E1NSM	NULL	NULL	2	1
141817	2021-09-25	SLR0E1NVM	NULL	NULL	2	1
141818	2021-09-25	SLR0E1NY5	NULL	NULL	2	1
141819	2021-09-25	SLR0E1NLH	NULL	NULL	2	1
141820	2021-09-25	SLR0E1NX9	NULL	NULL	2	1
141821	2021-09-25	SLR0E1NA3	NULL	NULL	2	1
141822	2021-09-25	SLR0E1836	NULL	NULL	2	1
141823	2021-09-25	SLR0E1N9F	NULL	NULL	2	1
141824	2021-09-25	SLR0E1NPH	NULL	NULL	2	1
141825	2021-09-25	SLR0E1NAQ	NULL	NULL	2	1
141826	2021-09-25	SLR0E1NL1	NULL	NULL	2	1
141827	2021-09-25	SLR0E1L1L	NULL	NULL	2	1
141828	2021-09-25	SLR0E1NA9	NULL	NULL	2	1
141829	2021-09-25	SLR0E1NHZ	NULL	NULL	2	1
141830	2021-09-25	SLR0E1NJ5	NULL	NULL	2	1
141831	2021-09-25	SLR0E1NRJ	NULL	NULL	2	1
141832	2021-12-01	SLR0E1L1Z	NULL	NULL	2	1
141833	2021-09-25	SLR0E1NDD	NULL	NULL	2	1
141834	2021-09-25	SLR0E1NFG	NULL	NULL	2	1
141835	2021-09-25	SLR0E1NEF	NULL	NULL	2	1
141836	2021-09-25	SLR0E1NEL	NULL	NULL	2	1
141837	2021-09-25	SLR0E1KYF	NULL	NULL	2	1
141838	2022-03-12	SLR0E6DEG	NULL	NULL	2	1
141839	2022-03-12	SLR0E3W6W	NULL	NULL	2	1
141840	2022-03-12	SLR0E7ZE1	NULL	NULL	2	1
141841	2022-03-12	SLR0E6DTS	NULL	NULL	2	1
141842	2022-03-12	SLR0E7YR6	NULL	NULL	2	1
141843	2021-10-27	SLR0E7YTA	NULL	NULL	2	1
141844	2022-03-12	SLR0E3W6G	NULL	NULL	2	1
141845	2022-04-15	SLR0E3W64	NULL	NULL	2	1
141846	2021-11-30	SLR0E3ZSH	NULL	NULL	2	1
141847	2022-03-12	SLR0E6DQL	NULL	NULL	2	1
141848	2022-03-12	SLR0E7ZD1	NULL	NULL	2	1
141849	2021-11-30	SLR0E4011	NULL	NULL	2	2
141850	2021-11-30	SLR0E40E1	NULL	NULL	2	2
141851	2021-11-30	SLR0E40P6	NULL	NULL	2	2
141852	2021-10-27	SLR0E6DPQ	NULL	NULL	2	2
141853	2021-11-30	SLR0E3ZPG	NULL	NULL	2	2
141854	2021-11-30	SLR0E3ZYB	NULL	NULL	2	2
141855	2021-10-27	SLR0E6DQA	NULL	NULL	2	2
141856	2021-11-30	SLR0E3ZP6	NULL	NULL	2	2
141857	2021-11-30	SLR0E3ZWD	NULL	NULL	2	2
141858	2021-10-27	SLR0E7YSM	NULL	NULL	2	2
141859	2021-11-30	SLR0E3ZSN	NULL	NULL	2	2
141860	2022-03-12	SLR0E6DR0	NULL	NULL	2	2
141861	2022-03-12	SLR0E3ZTL	NULL	NULL	2	2
141862	2022-03-12	SLR0E407J	NULL	NULL	2	2
141864	2022-03-12	SLR0E6DB8	NULL	NULL	2	2
141865	2022-03-12	SLR0E6DHZ	NULL	NULL	2	2
141866	2022-03-12	SLR0E402G	NULL	NULL	2	1
141867	2022-03-12	SLR0E3W77	NULL	NULL	2	2
141868	2022-03-12	SLR0E6DE8	NULL	NULL	2	2
141869	2022-03-12	SLR0E6DQN	NULL	NULL	2	2
141870	2022-03-12	SLR0E3W6S	NULL	NULL	2	2
141871	2022-03-12	SLR0E40AY	NULL	NULL	2	2
141872	2022-03-12	SLR0E6DH7	NULL	NULL	2	2
141873	2022-03-12	SLR0E6DQJ	NULL	NULL	2	2
141874	2022-03-12	SLR0E7YWB	NULL	NULL	2	2
141875	2022-12-03	SLR0E7ZQY	NULL	NULL	2	2
141876	2022-03-12	SLR0E3W6Z	NULL	NULL	2	2
141877	2022-03-12	SLR0E6DC7	NULL	NULL	2	2
141878	2022-03-12	SLR0E6DB3	NULL	NULL	2	2
141879	2022-03-12	SLR0E6DP5	NULL	NULL	2	2
141880	2022-03-12	SLR0E3ZRQ	NULL	NULL	2	2
141881	2022-03-12	SLR0E3W72	NULL	NULL	2	2
141882	2022-03-12	SLR0E7ZC9	NULL	NULL	2	2
141883	2022-03-12	SLR0E6DNJ	NULL	NULL	2	2
141884	2022-03-12	SLR0E6DA6	NULL	NULL	2	1
141885	2021-09-25	SLR0E1NK7	NULL	NULL	2	1
141886	2021-09-25	SLR0E1NLX	NULL	NULL	2	1
141887	2021-09-25	SLR0E1NV5	NULL	NULL	2	1
141888	2021-09-25	SLR0E1KSF	NULL	NULL	2	1
141889	2021-09-25	SLR0E1NEV	NULL	NULL	2	1
141890	2022-03-12	SLR0E7YRP	NULL	NULL	2	1
141891	2022-03-12	SLR0E6DK2	NULL	NULL	2	2
141892	2022-03-12	SLR0E40LV	NULL	NULL	2	2
141893	2022-03-12	SLR0E6DJF	NULL	NULL	2	2
141894	2022-03-12	SLR0E6DYD	NULL	NULL	2	1
141895	2021-10-27	SLR0E6DX0	NULL	NULL	2	1
141896	2021-10-27	SLR0E6DRL	NULL	NULL	2	1
141897	2021-11-30	SLR0E40AE	NULL	NULL	2	1
141898	2021-11-30	SLR0E400E	NULL	NULL	2	1
141899	2021-11-30	SLR0E406Y	NULL	NULL	2	1
141900	2021-11-30	SLR0E3ZQ9	NULL	NULL	2	1
141901	2021-11-30	SLR0E3ZWJ	NULL	NULL	2	1
141902	2021-11-30	SLR0E400W	NULL	NULL	2	1
141903	2021-11-30	SLR0E3ZT8	NULL	NULL	2	1
141904	2021-11-30	SLR0E3ZV1	NULL	NULL	2	1
141905	2021-11-30	SLR0E3ZY8	NULL	NULL	2	1
141906	2021-10-27	SLR0E7YVA	NULL	NULL	2	1
141907	2021-10-27	SLR0E7ZD8	NULL	NULL	2	1
141908	2021-10-27	SLR0E6DKF	NULL	NULL	2	1
141909	2021-11-30	SLR0E40B6	NULL	NULL	2	1
141910	2021-11-30	SLR0E40M4	NULL	NULL	2	1
141911	2021-11-30	SLR0E40FM	NULL	NULL	2	1
141912	2021-11-30	SLR0E40HZ	NULL	NULL	2	1
141913	2021-10-27	SLR0E6DAL	NULL	NULL	2	1
141914	2021-11-30	SLR0E3W7S	NULL	NULL	2	1
\.


--
-- TOC entry 3102 (class 0 OID 57909)
-- Dependencies: 208
-- Data for Name: funcionarios; Type: TABLE DATA; Schema: public; Owner: postgres
--

COPY public.funcionarios (cedula, nombre) FROM stdin;
1085262541	Gerardo Mauricio Bravo Montenegro
98430865	Jose Erling Escobar Tenorio
98135345	Alejandro Marcelo Rodriguez Eraso
30744712	Sandra Monica Mesias Ricaurte
1085321228	Jhon Freddy Montenegro Rosero
98385464	Jhon Fredy Sanchez Guerrero
12750465	Arlon Adolfo Gomez Barco
1086223701	William Emiro Muñoz Guancha
36750231	Paula Andrea Chaves Galvis
13067025	Franco Alirio Figueroa Benavides
1085928435	Ivan David Vozmediano Benavides
12965320	Jaime Calpa Burbano
12993006	Mario Fernando Martinez Guerrero
1131084617	Pablo Andres Baca
87064900	Diego Camilo Benavides Isandara
\.


--
-- TOC entry 3095 (class 0 OID 57867)
-- Dependencies: 201
-- Data for Name: lotes; Type: TABLE DATA; Schema: public; Owner: postgres
--

COPY public.lotes (id_lote, marca, modelo, cpu, ram, hdd) FROM stdin;
1	Hewlett-Packard	HP245 G7	AMD RYZEN 3250U	4 GB DDR4	SATA HD 1000 GB
2	LENOVO	THINKBOOK 14IML	Intel Core i3 1011U	4 GB DDR4	M2 PCI SSD 256 GB
3	LENOVO	81UV Lenovo IdeaPad S145-14API	AMD Ryzen 3 3200U 2,6 GHz	8 GB DDR4	SSD 512GB
\.


--
-- TOC entry 3112 (class 0 OID 57959)
-- Dependencies: 218
-- Data for Name: prestamos; Type: TABLE DATA; Schema: public; Owner: postgres
--

COPY public.prestamos (id_prestamo, qr, dni_comodatario, dni_funcionario, fecha_inicio, fecha_fin, lugar_prestamo, comodato) FROM stdin;
1	140718	1085346108	98385464	2020-11-19	\N	1	\N
2	140719	1085312304	1085321228	2020-12-12	\N	1	\N
3	140720	1085327861	1086223701	2020-11-19	\N	1	\N
4	140721	1089078027	1085321228	2021-02-26	\N	1	\N
5	140723	1193030532	1085321228	2020-12-21	\N	1	\N
6	140724	1087197597	1085321228	2020-11-09	2021-03-05	1	\N
7	140725	1085320021	36750231	2020-11-19	\N	1	\N
8	140726	1193030511	36750231	2020-11-19	\N	1	\N
9	140727	1004235951	1085321228	2020-11-18	\N	1	\N
10	140728	1085304292	30744712	2020-11-19	\N	1	\N
11	140729	1085341896	36750231	2020-11-18	\N	1	\N
12	140730	1233193728	30744712	2020-11-19	\N	1	\N
13	140731	1233190361	1086223701	2020-11-19	\N	1	\N
14	140732	1010106305	1085321228	2020-12-10	\N	1	\N
15	140733	1085253443	36750231	2020-11-19	\N	1	\N
16	140734	87070713	1086223701	2020-11-19	\N	1	\N
17	140735	1085334792	1086223701	2020-11-19	\N	1	\N
18	140736	1087049170	98385464	2020-11-19	\N	1	\N
19	140737	1193385925	12750465	2020-11-19	\N	1	\N
20	140738	1085311681	98385464	2020-11-19	\N	1	\N
21	140739	1144138891	30744712	2020-11-19	\N	1	\N
22	140740	1085301201	98385464	2020-12-03	\N	1	\N
23	140741	1085336619	98385464	2020-11-19	\N	1	\N
24	140742	1085302116	36750231	2020-12-22	\N	1	\N
25	140743	1192742002	30744712	2020-11-19	\N	1	\N
26	140744	1089480159	12750465	2020-12-03	2021-05-04	1	\N
27	140745	1085290382	1086223701	2020-11-19	\N	1	\N
28	140746	1010035239	30744712	2020-11-19	2021-05-18	1	\N
29	140747	1193470014	12750465	2020-11-19	\N	1	\N
30	140748	1085343646	1086223701	2020-11-19	\N	1	\N
31	140749	1085337839	30744712	2020-11-19	\N	1	\N
32	140750	1085949134	30744712	2020-11-19	\N	1	\N
33	140751	1085334786	36750231	2020-11-19	\N	1	\N
34	140752	1085347803	30744712	2020-11-19	\N	1	\N
35	140753	97435685	36750231	2020-11-19	\N	1	\N
36	140754	1233190500	1085321228	2020-12-14	\N	1	\N
37	140755	1085322435	36750231	2020-12-03	\N	1	\N
38	140756	1085277680	98385464	2020-11-19	\N	1	\N
39	140757	1085348215	1085321228	2020-12-15	\N	1	\N
40	140758	1010096685	12750465	2020-11-19	\N	1	\N
41	140759	1085334517	36750231	2020-11-19	\N	1	\N
42	140760	1085258391	36750231	2020-11-19	\N	1	\N
43	140761	1085317211	1086223701	2020-11-19	\N	1	\N
44	140762	1193255416	1086223701	2020-11-19	\N	1	\N
45	140763	1085314938	12750465	2020-12-03	\N	1	\N
46	140764	1085341685	1086223701	2020-11-19	\N	1	\N
47	140765	1004641290	98430865	2021-04-07	\N	3	\N
48	140766	1085278021	98385464	2020-11-19	\N	1	\N
49	140767	1083814323	1085321228	2020-12-10	\N	1	\N
50	140768	1085283827	36750231	2020-11-19	\N	1	\N
51	140769	1085321690	30744712	2020-11-19	\N	1	\N
52	140770	1085319563	12750465	2020-11-19	\N	1	\N
53	140771	1087203174	98430865	2021-04-07	\N	3	\N
54	140773	1004338562	30744712	2020-11-19	\N	1	\N
55	140774	1085322687	1086223701	2020-11-19	\N	1	\N
56	140775	1193201464	36750231	2020-11-19	\N	1	\N
57	140776	1085335857	36750231	2020-11-19	\N	1	\N
58	140777	1044508588	1086223701	2020-11-19	\N	1	\N
59	140778	1004610036	98430865	2020-12-03	\N	3	\N
60	140780	1010015751	98430865	2020-12-03	\N	3	\N
61	140781	1233191503	30744712	2020-11-19	\N	1	\N
62	140782	1085948407	1085262541	2020-12-29	\N	2	\N
63	140783	1007816291	1085262541	2020-11-18	\N	2	\N
64	140784	1085338805	1085321228	2020-11-05	\N	1	\N
65	140785	1085945521	1085262541	2020-11-19	\N	2	\N
66	140786	1004550122	1085262541	2020-11-18	\N	2	\N
67	140787	1085945017	1085262541	2020-11-18	\N	2	\N
68	140788	1192792130	1085262541	2020-11-19	\N	2	\N
69	140789	1085946337	1085262541	2020-11-18	\N	2	\N
70	140790	1085941914	1085262541	2020-12-03	\N	2	\N
71	140791	1004580051	1085262541	2020-11-18	\N	2	\N
72	140792	1086756767	1085262541	2020-11-18	\N	2	\N
73	140793	1085949493	1085262541	2020-11-18	\N	2	\N
74	140794	1086106122	1085262541	2020-11-18	\N	2	\N
75	140795	1085919648	1085262541	2020-11-18	\N	2	\N
76	140796	1085934306	1085262541	2020-11-18	\N	2	\N
77	140797	1010113980	1085262541	2020-11-19	\N	2	\N
78	140798	1085933030	1085262541	2020-11-18	\N	2	\N
79	140799	1085934118	1085262541	2020-11-18	\N	2	\N
80	140801	1004539543	1085262541	2020-11-18	\N	2	\N
81	140802	1004532557	1085262541	2020-11-18	\N	2	\N
82	140803	1085947535	1085262541	2020-11-18	\N	2	\N
83	140804	1085950205	1085262541	2020-11-19	\N	2	\N
84	140806	1004578185	1085262541	2020-11-18	\N	2	\N
85	140807	1004577574	1085262541	2020-11-18	\N	2	\N
86	140808	1004640440	98430865	2020-12-11	\N	3	\N
87	140809	1004536744	98430865	2020-11-24	\N	3	\N
88	140810	1087205056	98430865	2020-11-17	\N	3	\N
89	140811	1004610036	98430865	2020-11-18	\N	3	\N
90	140812	1004611383	98430865	2020-11-18	\N	3	\N
91	140813	1004639773	98430865	2020-11-19	\N	3	\N
92	140814	1004617150	98430865	2020-11-18	\N	3	\N
93	140815	1085922558	98430865	2020-11-18	\N	3	\N
94	140816	1087204942	98430865	2020-11-18	\N	3	\N
95	140817	59676392	98430865	2020-11-24	\N	3	\N
96	140818	1004613403	98430865	2020-11-18	\N	3	\N
97	140819	1235288439	98430865	2020-11-18	\N	3	\N
98	140820	98431410	98430865	2020-11-18	\N	3	\N
99	140821	59686887	98430865	2020-11-18	\N	3	\N
100	140822	1004639831	98430865	2020-11-18	\N	3	\N
101	140823	1004608450	98430865	2020-11-18	\N	3	\N
102	140824	1004607529	98430865	2020-11-18	\N	3	\N
103	140825	1087117274	98430865	2020-11-19	\N	3	\N
104	140826	1004640294	98430865	2020-11-18	\N	3	\N
105	140827	1004639310	98430865	2020-11-18	\N	3	\N
106	140828	1004615694	98430865	2020-11-18	\N	3	\N
107	140829	1004617566	98430865	2020-11-18	\N	3	\N
108	140830	1087798100	98430865	2020-11-18	\N	3	\N
109	140831	1087793347	98430865	2020-11-18	\N	3	\N
110	140832	1087201123	98430865	2020-11-18	\N	3	\N
111	140833	1087193402	98430865	2020-11-18	\N	3	\N
112	140834	1193244108	98430865	2020-11-18	\N	3	\N
113	140835	1087792029	98430865	2020-11-18	\N	3	\N
114	140836	1126138618	98430865	2020-11-18	\N	3	\N
115	140837	1086753757	98430865	2020-11-18	\N	3	\N
116	140838	1087186870	98430865	2020-11-18	\N	3	\N
117	140839	1089511917	98430865	2020-11-18	\N	3	\N
118	140840	1089511916	98430865	2020-11-18	\N	3	\N
119	140841	1087207686	98430865	2020-11-18	\N	3	\N
120	140842	1004641646	98430865	2020-11-18	\N	3	\N
121	140843	1087196553	98430865	2020-11-18	\N	3	\N
122	140844	1087111828	98430865	2020-11-18	\N	3	\N
123	140845	1004614255	98430865	2020-11-18	\N	3	\N
124	140846	1004692282	98135345	2020-12-03	\N	4	\N
125	140847	1088799403	98135345	2020-11-18	\N	4	\N
126	140848	1087426042	98135345	2020-11-18	\N	4	\N
127	140849	1087422129	98135345	2021-02-24	\N	4	\N
128	140850	1087422274	98135345	2020-11-18	\N	4	\N
129	140851	1089197346	98135345	2020-12-11	\N	4	\N
130	140852	1086500139	98135345	2020-11-18	\N	4	\N
131	140853	1087425055	98135345	2021-02-24	\N	4	\N
132	140854	1004624568	98135345	2021-02-24	\N	4	\N
133	140855	1087424485	98135345	2020-11-18	\N	4	\N
134	140856	1087421197	98135345	2020-11-18	\N	4	\N
135	140857	1088737876	98135345	2020-11-18	\N	4	\N
136	140858	1085316939	30744712	2020-11-18	\N	1	\N
137	140859	1006995835	1085321228	2021-02-04	\N	1	\N
138	140860	1004213985	98385464	2020-11-18	\N	1	\N
139	140861	1233191803	12750465	2020-11-18	\N	1	\N
140	140862	1004217510	1086223701	2020-11-18	\N	1	\N
141	140863	1004232595	98385464	2020-11-18	\N	1	\N
142	140864	1233193528	98385464	2020-11-18	\N	1	\N
143	140865	1193275725	30744712	2020-11-18	\N	1	\N
144	140866	1193275723	36750231	2020-11-18	\N	1	\N
145	140867	1233189797	12750465	2020-11-18	\N	1	\N
146	140868	1086361848	30744712	2020-11-18	\N	1	\N
147	140869	1004216319	30744712	2020-12-03	\N	1	\N
148	140870	1085270732	1085321228	2021-02-15	\N	1	\N
149	140871	1085333283	30744712	2020-11-19	\N	1	\N
150	140872	1193271604	12750465	2020-11-18	\N	1	\N
151	140873	1085254104	1086223701	2020-11-18	\N	1	\N
152	140874	1007602488	13067025	2021-04-07	\N	4	\N
153	140875	87066568	30744712	2020-11-18	\N	1	\N
154	140876	1004190298	1085321228	2020-12-10	\N	1	\N
155	140877	1193271182	98385464	2020-11-18	\N	1	\N
156	140878	1085330413	12750465	2020-11-18	\N	1	\N
157	140879	1084848330	1086223701	2020-12-03	\N	1	\N
158	140880	1004550031	1085928435	2021-04-07	\N	2	\N
159	140881	1233190372	98385464	2020-11-18	\N	1	\N
160	140882	1085331402	36750231	2020-12-03	\N	1	\N
161	140883	1007268117	98385464	2020-11-18	\N	1	\N
162	140884	1085343694	1085321228	2020-11-18	\N	1	\N
163	140885	1085338391	30744712	2020-11-19	\N	1	\N
164	140886	1085342240	36750231	2020-11-18	\N	1	\N
165	140887	1085314919	1085321228	2020-12-10	\N	1	\N
166	140888	1004133852	30744712	2020-11-14	\N	1	\N
167	140889	1085336573	1086223701	2020-11-18	\N	1	\N
168	140890	1004509242	1086223701	2020-11-18	\N	1	\N
169	140891	1085346510	12750465	2020-11-18	\N	1	\N
170	140892	1233192635	1086223701	2020-11-18	\N	1	\N
171	140893	1004547024	36750231	2020-11-18	\N	1	\N
172	140894	1088218432	1085928435	2021-04-07	\N	2	\N
173	140895	1004214971	30744712	2020-11-18	\N	1	\N
174	140896	1004132015	36750231	2020-12-03	\N	1	\N
175	140897	1193271742	1086223701	2020-11-18	\N	1	\N
176	140898	1010116746	98385464	2020-11-18	\N	1	\N
177	140899	1085326082	1085321228	2020-12-14	\N	1	\N
178	140900	1193033186	36750231	2020-12-03	\N	1	\N
179	140901	1085348042	1085321228	2020-12-18	\N	1	\N
180	140902	1004193521	1086223701	2020-11-18	\N	1	\N
181	140903	1004235964	30744712	2020-11-18	\N	1	\N
182	140904	1233190398	1085321228	2020-11-04	\N	1	\N
183	140905	1193218677	30744712	2020-11-18	\N	1	\N
184	140906	1085335829	36750231	2020-11-18	\N	1	\N
185	140907	1085929038	1086223701	2020-11-18	\N	1	\N
186	140908	1004232679	1086223701	2020-11-18	\N	1	\N
187	140909	1085332062	98385464	2020-11-18	\N	1	\N
188	140910	1131085218	12750465	2020-11-18	\N	1	\N
189	140911	1192746145	12750465	2020-11-18	\N	1	\N
190	140912	1085318306	12750465	2020-11-18	\N	1	\N
191	140913	1084228168	1086223701	2020-11-18	\N	1	\N
192	140914	1085302112	1085321228	2020-12-10	\N	1	\N
193	140915	1085244782	12750465	2020-11-18	\N	1	\N
194	140916	1123317647	36750231	2020-11-18	\N	1	\N
195	140917	1089848234	13067025	2021-04-07	\N	4	\N
196	140918	1086983295	1085321228	2020-12-15	\N	1	\N
197	140919	1004232607	1086223701	2020-11-18	\N	1	\N
198	140920	1193481778	12750465	2020-11-18	\N	1	\N
199	140921	1085326725	98385464	2020-11-18	\N	1	\N
200	140922	1085279557	12750465	2020-11-18	\N	1	\N
201	140923	1085348215	1085321228	2020-12-03	\N	1	\N
202	140924	1085292636	30744712	2020-11-18	\N	1	\N
203	140925	1010109272	1085321228	2020-12-11	\N	1	\N
204	140926	1193275729	1086223701	2020-11-18	\N	1	\N
205	140927	1004135363	12750465	2020-11-18	\N	1	\N
206	140928	1085335224	1085321228	2020-12-14	\N	1	\N
207	140929	1004564437	1086223701	2020-12-03	\N	1	\N
208	140930	1004439244	1085321228	2020-12-18	\N	1	\N
209	140931	1061808755	98385464	2020-11-18	\N	1	\N
210	140932	1193522514	98430865	2021-04-07	\N	3	\N
211	140933	1085347768	1085321228	2020-12-10	\N	1	\N
212	140934	1087212947	98430865	2021-04-07	\N	3	\N
213	140935	1004580404	1085262541	2020-12-21	\N	2	\N
214	140936	1030628347	1086223701	2020-11-18	\N	1	\N
215	140937	1085307481	1085321228	2020-12-17	\N	1	\N
216	140938	1085307136	98385464	2020-11-18	\N	1	\N
217	140939	1004532400	1085928435	2021-04-07	\N	2	\N
218	140940	1085330895	30744712	2020-11-18	\N	1	\N
219	140941	1087126094	98430865	2021-04-09	\N	3	\N
220	140942	1010101661	1086223701	2020-11-18	\N	1	\N
221	140943	1233193892	1086223701	2020-11-18	\N	1	\N
222	140944	1085278141	36750231	2020-12-03	\N	1	\N
223	140945	1085312200	36750231	2020-11-18	\N	1	\N
224	140946	1085287154	36750231	2020-11-18	\N	1	\N
225	140947	1193200771	30744712	2020-11-18	\N	1	\N
226	140948	1004232450	98385464	2020-11-18	\N	1	\N
227	140949	1085258407	1085321228	2020-12-10	\N	1	\N
228	140950	1004189981	36750231	2020-12-03	\N	1	\N
229	140951	1085334478	36750231	2020-11-19	\N	1	\N
230	140952	1004217525	30744712	2020-12-03	\N	1	\N
231	140953	1004509030	30744712	2020-11-18	\N	1	\N
232	140954	12753881	12750465	2020-12-03	\N	1	\N
233	140955	1088357229	36750231	2020-11-18	\N	1	\N
234	140956	1004214439	1085321228	2020-12-10	\N	1	\N
235	140957	1083814186	1086223701	2020-11-18	\N	1	\N
236	140958	1085309009	36750231	2020-11-18	\N	1	\N
237	140959	1085322425	36750231	2020-11-19	\N	1	\N
238	140960	1233188346	98385464	2020-11-18	\N	1	\N
239	140961	1085339487	30744712	2020-12-03	2021-05-10	1	\N
240	140962	1085321273	36750231	2020-11-18	\N	1	\N
241	140963	1233189709	1085321228	2020-12-14	\N	1	\N
242	140964	1081273599	30744712	2020-11-18	2021-04-07	1	\N
243	140965	1085948748	1085928435	2021-04-07	\N	2	\N
244	140966	1193271691	36750231	2020-11-18	\N	1	\N
245	140967	1086139220	1085321228	2020-11-04	2021-02-26	1	\N
246	140968	1004216530	30744712	2020-11-18	\N	1	\N
247	140969	1233194606	1085321228	2020-12-10	\N	1	\N
248	140970	1233189990	1085321228	2020-12-15	\N	1	\N
249	140971	1004580231	98385464	2020-11-18	\N	1	\N
250	140973	1085319696	30744712	2020-11-18	\N	1	\N
251	140974	1085336596	1086223701	2020-11-18	\N	1	\N
252	140975	1085326734	1085321228	2020-12-21	\N	1	\N
253	140976	1193279452	1085321228	2020-12-11	\N	1	\N
254	140977	1085346335	1086223701	2020-12-03	\N	1	\N
255	140978	1085278821	1085321228	2020-12-10	\N	1	\N
256	140979	1085308615	30744712	2020-11-18	\N	1	\N
257	140980	1085308212	98385464	2020-11-18	\N	1	\N
258	140981	1004134498	98385464	2020-11-18	\N	1	\N
259	140982	1193224792	1086223701	2020-11-18	\N	1	\N
260	140983	1193385469	98385464	2020-12-03	\N	1	\N
261	140984	1233188899	1085321228	2020-12-10	\N	1	\N
262	140985	1085299672	12750465	2020-11-18	\N	1	\N
263	140986	1089488408	1086223701	2020-11-19	\N	1	\N
264	140987	1004593872	30744712	2020-11-19	\N	1	\N
265	140988	1085295676	30744712	2020-12-03	\N	1	\N
266	140989	1004597177	30744712	2020-11-18	\N	1	\N
267	140990	1085341861	98385464	2020-11-18	\N	1	\N
268	140991	59833707	1085321228	2020-11-17	\N	1	\N
269	140992	1089538689	98430865	2021-04-07	\N	3	\N
270	140993	1083752994	1086223701	2020-11-19	\N	1	\N
271	140994	1193271431	1085321228	2020-12-10	\N	1	\N
272	140995	66771694	1085321228	2020-11-17	\N	1	\N
273	140996	98340443	1085321228	2020-11-17	\N	1	\N
274	140997	1085335895	1085321228	2020-11-18	\N	1	\N
275	140998	1085339375	1086223701	2020-12-03	\N	1	\N
276	140999	1085346136	30744712	2020-11-18	\N	1	\N
277	141000	1085347363	98385464	2020-12-03	\N	1	\N
278	141001	1085305452	98385464	2020-11-18	\N	1	\N
279	141002	1085344971	30744712	2020-11-18	\N	1	\N
280	141003	1087121690	1086223701	2020-11-18	\N	1	\N
281	141004	1085319922	12750465	2020-11-18	2021-04-03	1	\N
282	141005	1085293823	1086223701	2020-11-18	\N	1	\N
283	141006	1085339039	12750465	2020-11-19	\N	1	\N
284	141007	1233192916	12750465	2020-11-19	\N	1	\N
285	141008	1085327833	36750231	2020-11-19	\N	1	\N
286	141009	1004217605	1086223701	2020-12-03	\N	1	\N
287	141010	1085320657	12750465	2020-11-19	\N	1	\N
288	141011	1085301979	98385464	2020-11-19	\N	1	\N
289	141012	1193271843	30744712	2020-11-19	\N	1	\N
290	141013	1122786753	30744712	2020-12-03	\N	1	\N
291	141014	1233188230	12750465	2020-11-19	\N	1	\N
292	141015	1193376004	98430865	2021-04-07	\N	3	\N
293	141016	1085340137	30744712	2020-11-19	\N	1	\N
294	141017	1193470412	1085321228	2020-12-14	\N	1	\N
295	141018	1085269613	1085321228	2021-02-01	\N	1	\N
296	141019	1085341045	98385464	2020-11-19	\N	1	\N
297	141020	1085343807	12750465	2020-11-19	\N	1	\N
298	141021	1085315195	1086223701	2020-11-19	\N	1	\N
299	141022	1004132162	1086223701	2020-11-19	2021-04-09	1	\N
300	141024	1004217454	1085321228	2020-11-19	\N	1	\N
301	141025	1085297900	1085321228	2020-11-05	\N	1	\N
302	141026	1003752471	1085321228	2020-11-20	\N	1	\N
303	141027	1085311748	1085321228	2021-01-15	\N	1	\N
304	141028	1004214869	98385464	2020-11-19	\N	1	\N
305	141029	1004564173	13067025	2021-04-07	\N	4	\N
306	141030	1233192622	30744712	2020-11-19	\N	1	\N
307	141031	1085296023	30744712	2020-11-19	\N	1	\N
308	141037	1087126222	98430865	2021-04-07	\N	3	\N
309	141038	1144180076	98430865	2021-04-07	\N	3	\N
310	141039	1144183280	98430865	2021-04-07	\N	3	\N
311	141040	59686623	98430865	2021-04-07	\N	3	\N
312	141041	1004608282	98430865	2021-04-07	\N	3	\N
313	141042	1087196781	98430865	2021-04-09	\N	3	\N
314	141043	1004613267	98430865	2021-04-09	\N	3	\N
315	141044	1024507418	98430865	2021-04-09	\N	3	\N
316	141045	1087212341	98430865	2021-04-15	\N	3	\N
317	141046	1004640587	98430865	2021-04-15	\N	3	\N
318	141047	1030601251	98430865	2021-04-15	\N	3	\N
319	141048	1087203242	98430865	2021-04-09	\N	3	\N
320	141049	1094950173	98430865	2021-04-09	\N	3	\N
321	141050	1004612198	98430865	2021-04-09	\N	3	\N
322	141051	1004640193	98430865	2021-04-09	\N	3	\N
323	141118	1085313538	12965320	2020-10-27	\N	1	\N
324	141119	1233192982	98385464	2020-10-27	\N	1	\N
325	141120	1010137971	1085262541	2020-12-03	\N	2	\N
326	141121	1088737863	12965320	2020-10-26	\N	1	\N
327	141122	1004629706	1085262541	2020-12-03	\N	2	\N
328	141123	1085330879	12993006	2020-10-28	\N	1	\N
329	141124	1006998620	36750231	2020-10-26	\N	1	\N
330	141125	1083814110	98385464	2020-10-26	\N	1	\N
331	141126	1085345137	1085321228	2020-11-04	\N	1	\N
332	141127	1004593896	12993006	2020-10-26	\N	1	\N
333	141128	1193218710	12750465	2020-10-26	\N	1	\N
334	141129	1085333861	1085321228	2020-12-23	\N	1	\N
335	141130	1087643019	12750465	2020-10-28	\N	1	\N
336	141131	59673800	98430865	2021-04-09	\N	3	\N
337	141132	13107663	98430865	2021-04-09	\N	3	\N
338	141133	1004563965	12993006	2020-10-28	\N	1	\N
339	141134	1233190692	98385464	2020-10-28	\N	1	\N
340	141135	1086105651	1085321228	2020-12-22	\N	1	\N
341	141136	1084847996	98385464	2020-10-26	\N	1	\N
342	141137	1007164241	30744712	2020-12-03	\N	1	\N
343	141138	1010142412	98385464	2020-10-26	\N	1	\N
344	141139	1085297955	36750231	2020-10-26	\N	1	\N
345	141140	1193575558	12965320	2020-10-26	\N	1	\N
346	141141	1085343980	12993006	2020-10-28	\N	1	\N
347	141142	1085662203	12993006	2020-10-26	\N	1	\N
348	141143	1089459719	98385464	2020-10-27	\N	1	\N
349	141144	1085941750	1085928435	2021-04-07	\N	2	\N
350	141145	1086328662	12750465	2020-10-26	\N	1	\N
351	141146	1086332211	1085321228	2020-11-04	\N	1	\N
352	141147	1085318680	36750231	2020-10-28	\N	1	\N
353	141148	1010011892	36750231	2020-10-26	\N	1	\N
354	141149	1233193780	12750465	2020-10-26	\N	1	\N
355	141150	1004190843	12750465	2020-10-26	\N	1	\N
356	141151	1086140151	98385464	2020-10-26	2021-02-25	1	\N
357	141152	1085337766	12750465	2020-12-03	\N	1	\N
358	141153	1085318507	36750231	2020-10-26	\N	1	\N
359	141154	59310254	98385464	2020-10-26	\N	1	\N
360	141155	1010127808	12993006	2021-04-19	\N	1	\N
361	141156	1086138176	12965320	2020-10-27	\N	1	\N
362	141158	1085325919	12965320	2020-10-26	\N	1	\N
363	141159	1085318592	1085321228	2020-12-16	\N	1	\N
364	141160	1086225365	98385464	2020-10-26	\N	1	\N
365	141161	1193385521	12965320	2020-10-26	\N	1	\N
366	141162	1087416054	1085321228	2020-11-09	2021-03-05	1	\N
367	141163	1084227280	12993006	2020-10-26	\N	1	\N
368	141164	1085344359	12750465	2020-10-26	\N	1	\N
369	141165	1006509370	1085321228	2020-12-04	\N	1	\N
370	141166	1004190652	1085321228	2020-12-10	\N	1	\N
371	141167	1004216374	12965320	2020-10-26	\N	1	\N
372	141168	1010144261	12750465	2020-10-26	\N	1	\N
373	141169	1192910795	12993006	2020-10-26	\N	1	\N
374	141170	1085304660	98385464	2020-10-27	\N	1	\N
375	141171	1193384209	12993006	2020-10-27	\N	1	\N
376	141172	1089488735	98385464	2020-11-19	\N	1	\N
377	141173	1004215129	12993006	2020-10-28	\N	1	\N
378	141174	1004596275	13067025	2021-04-07	\N	4	\N
379	141175	1087647579	36750231	2020-10-28	\N	1	\N
380	141176	1085338027	98385464	2020-10-27	\N	1	\N
381	141177	1085328693	98385464	2020-10-27	\N	1	\N
382	141178	1120217996	12750465	2020-10-26	\N	1	\N
383	141179	1087206355	98430865	2021-04-07	\N	3	\N
384	141180	1004133621	30744712	2020-11-19	\N	1	\N
385	141181	1085323947	12993006	2020-10-27	\N	1	\N
386	141182	1085952124	1085262541	2020-12-03	\N	2	\N
387	141183	1085345646	12965320	2020-10-26	\N	1	\N
388	141184	1085690876	12750465	2020-12-03	\N	1	\N
389	141185	1086549913	36750231	2020-12-03	\N	1	\N
390	141186	1004540075	12750465	2020-10-26	\N	1	\N
391	141187	1086018014	98385464	2020-10-26	\N	1	\N
392	141188	1087619326	1085321228	2020-12-12	2021-02-26	1	\N
393	141189	1087120171	98430865	2021-04-07	\N	3	\N
394	141190	1004214557	12750465	2020-10-26	\N	1	\N
395	141191	1085300538	12965320	2020-10-26	\N	1	\N
396	141192	1004539960	12993006	2020-10-28	\N	1	\N
397	141193	1086756521	1085262541	2020-12-03	\N	2	\N
398	141194	1083814274	36750231	2020-10-27	\N	1	\N
399	141195	1193031956	12750465	2020-10-27	\N	1	\N
400	141196	1193255280	36750231	2020-10-26	\N	1	\N
401	141197	1085339654	98385464	2020-10-26	\N	1	\N
402	141198	1085284471	1086223701	2020-11-19	\N	1	\N
403	141199	1085336307	1085321228	2020-11-05	\N	1	\N
404	141200	1004640519	98430865	2021-04-07	\N	3	\N
405	141201	98356541	12993006	2020-10-26	\N	1	\N
406	141202	1085324979	12750465	2020-10-26	\N	1	\N
407	141203	1085270602	1085321228	2020-11-05	\N	1	\N
408	141204	1004133764	12993006	2020-10-26	\N	1	\N
409	141205	1085324757	36750231	2020-10-26	\N	1	\N
410	141206	1085342335	12965320	2020-10-26	\N	1	\N
411	141207	1085690855	36750231	2020-10-26	\N	1	\N
412	141208	98398593	12750465	2020-10-27	\N	1	\N
413	141209	1004255709	36750231	2020-10-26	\N	1	\N
414	141210	37086808	1085321228	2020-12-10	\N	1	\N
415	141211	1004235649	36750231	2020-12-03	\N	1	\N
416	141212	1004716152	12965320	2020-10-26	\N	1	\N
417	141213	1004598456	12993006	2020-10-27	\N	1	\N
418	141214	1085328932	36750231	2020-10-28	\N	1	\N
419	141215	1004508337	1085321228	2020-12-16	\N	1	\N
420	141216	1085340107	36750231	2020-10-26	\N	1	\N
421	141217	1085283355	12993006	2020-10-27	\N	1	\N
422	141218	1004598564	36750231	2020-10-28	\N	1	\N
423	141219	1085342957	12750465	2020-10-28	\N	1	\N
424	141220	1085314177	12993006	2020-10-27	\N	1	\N
425	141221	1004214241	12993006	2020-10-26	\N	1	\N
426	141222	1085318868	12965320	2020-10-27	\N	1	\N
427	141223	1004637875	98430865	2021-04-07	\N	3	\N
428	141224	1004535161	30744712	2020-12-03	\N	1	\N
429	141225	1085331147	36750231	2020-10-26	\N	1	\N
430	141226	1082104799	12750465	2020-10-27	\N	1	\N
431	141227	1193469742	1085321228	2020-12-14	\N	1	\N
432	141228	1004216541	1085321228	2020-12-21	\N	1	\N
433	141229	1193504162	12993006	2020-10-26	\N	1	\N
434	141230	1004742823	98385464	2020-10-28	\N	1	\N
435	141231	1004709614	1086223701	2020-12-03	\N	1	\N
436	141232	1085329118	12965320	2020-10-26	\N	1	\N
437	141233	1085321956	12993006	2020-10-26	\N	1	\N
438	141234	1085325480	1086223701	2020-11-19	\N	1	\N
439	141235	1004631395	98385464	2020-12-03	\N	1	\N
440	141236	1086137685	1085321228	2020-12-14	\N	1	\N
441	141237	1007268275	12750465	2020-10-27	\N	1	\N
442	141238	1087647640	1085321228	2020-12-14	\N	1	\N
443	141239	1086925905	12993006	2020-10-26	\N	1	\N
444	141240	1084228167	12965320	2020-10-26	\N	1	\N
445	141241	1004630403	98385464	2020-10-26	\N	1	\N
446	141242	1086550748	12750465	2020-10-26	\N	1	\N
447	141243	1085313875	1085321228	2020-12-04	\N	1	\N
448	141244	1004472625	1085321228	2020-10-27	\N	1	\N
449	141245	1001056904	36750231	2020-10-26	\N	1	\N
450	141246	1085347587	12965320	2020-10-27	\N	1	\N
451	141247	1193034383	1085321228	2020-12-18	\N	1	\N
452	141248	1086363409	12993006	2020-10-26	\N	1	\N
453	141249	1085663978	12965320	2020-10-26	\N	1	\N
454	141250	1193384191	36750231	2020-10-27	\N	1	\N
455	141251	1085330597	98385464	2020-10-28	\N	1	\N
456	141253	1233191763	98385464	2020-10-26	\N	1	\N
457	141254	1004133359	12965320	2020-10-27	\N	1	\N
458	141255	1085343532	12993006	2020-10-26	\N	1	\N
459	141256	1053873502	12965320	2020-10-26	\N	1	\N
460	141257	1085346067	12750465	2020-10-26	\N	1	\N
461	141258	1004232067	98385464	2020-10-26	\N	1	\N
462	141259	1085326012	36750231	2020-10-26	\N	1	\N
463	141260	1233191275	12750465	2020-10-26	\N	1	\N
464	141261	1004133739	12750465	2020-10-26	\N	1	\N
465	141262	1087961368	12993006	2020-10-26	\N	1	\N
466	141263	1085341356	12750465	2020-10-28	\N	1	\N
467	141264	1086225714	98385464	2020-10-26	\N	1	\N
468	141265	1085303177	12993006	2020-10-26	\N	1	\N
469	141266	1004191210	12993006	2020-10-28	\N	1	\N
470	141267	1004489599	98385464	2020-10-26	\N	1	\N
471	141268	1085313871	12750465	2020-10-27	\N	1	\N
472	141269	1085295597	1085321228	2020-12-16	\N	1	\N
473	141270	1004541054	12965320	2020-10-27	\N	1	\N
474	141271	1004215437	1085321228	2020-10-28	\N	1	\N
475	141272	1083814600	12993006	2020-10-27	\N	1	\N
476	141273	1233191119	12750465	2020-10-27	\N	1	\N
477	141274	1085304649	1086223701	2020-12-03	\N	1	\N
478	141275	1085341012	12993006	2020-10-27	\N	1	\N
479	141276	1085340419	36750231	2020-10-27	\N	1	\N
480	141277	1086363574	98385464	2020-10-28	\N	1	\N
481	141278	1086140249	36750231	2020-10-27	\N	1	\N
482	141279	1085338567	1085321228	2020-12-11	\N	1	\N
483	141280	1086331897	12750465	2020-10-27	\N	1	\N
484	141281	1085345231	98385464	2020-10-27	\N	1	\N
485	141282	1004597303	12993006	2020-10-28	\N	1	\N
486	141283	1085341499	12993006	2020-10-27	\N	1	\N
487	141284	1233194490	98385464	2020-10-27	\N	1	\N
488	141286	1086302837	98385464	2020-10-27	\N	1	\N
489	141287	1010146649	1085321228	2020-12-22	\N	1	\N
490	141288	1086363604	12750465	2020-10-27	\N	1	\N
491	141289	1086361232	12965320	2020-10-27	\N	1	\N
492	141290	1233190321	1085321228	2020-12-18	\N	1	\N
493	141291	1193036507	36750231	2020-10-27	\N	1	\N
494	141292	1004217517	12965320	2020-10-27	\N	1	\N
495	141293	1085307569	1085321228	2020-10-29	\N	1	\N
496	141294	1088737094	12965320	2020-10-27	\N	1	\N
497	141295	1085303298	12965320	2020-10-27	\N	1	\N
498	141296	1004539667	12965320	2020-10-27	\N	1	\N
499	141297	1085336638	12993006	2020-10-28	\N	1	\N
500	141298	1085318685	98385464	2020-10-27	\N	1	\N
501	141299	1193036392	1085321228	2020-12-16	\N	1	\N
502	141300	1085298046	36750231	2020-11-19	\N	1	\N
503	141301	1084227424	36750231	2020-10-27	\N	1	\N
504	141302	1004614851	98430865	2021-04-07	\N	3	\N
505	141303	1010080553	12993006	2020-10-27	\N	1	\N
506	141304	1085326103	36750231	2020-10-27	\N	1	\N
507	141305	1085343303	98385464	2020-10-27	\N	1	\N
508	141306	1085286301	12993006	2020-10-27	\N	1	\N
509	141307	1085312052	12993006	2020-10-27	\N	1	\N
510	141308	1085344668	12750465	2020-10-27	\N	1	\N
511	141309	1088976623	12965320	2020-10-27	\N	1	\N
512	141310	1085663894	1085321228	2020-12-14	\N	1	\N
513	141311	1084224806	12993006	2020-10-27	\N	1	\N
514	141312	1193271397	98385464	2020-10-27	\N	1	\N
515	141313	1086551106	12993006	2020-10-18	\N	1	\N
516	141314	1085336091	12965320	2020-10-27	\N	1	\N
517	141315	1085335777	98385464	2020-10-27	\N	1	\N
518	141316	1233194589	36750231	2020-10-27	\N	1	\N
519	141317	1085336292	98385464	2020-10-27	\N	1	\N
520	141318	1193125615	12965320	2020-10-27	\N	1	\N
521	141319	1085342677	1085321228	2020-12-11	\N	1	\N
522	141320	1085282655	98385464	2020-10-27	\N	1	\N
523	141321	1085312480	98385464	2020-10-28	\N	1	\N
524	141322	1004730562	36750231	2020-10-27	\N	1	\N
525	141323	1085342453	98385464	2020-10-27	\N	1	\N
526	141324	1085339140	12993006	2020-10-27	\N	1	\N
527	141325	1087121861	98430865	2021-04-07	\N	3	\N
528	141326	1085325504	12750465	2020-10-26	\N	1	\N
529	141327	1193201477	1085321228	2020-12-10	\N	1	\N
530	141328	1085295633	36750231	2020-10-28	\N	1	\N
531	141330	1193476460	36750231	2020-10-27	\N	1	\N
532	141331	1193513782	12965320	2020-10-27	\N	1	\N
533	141332	1017237959	1085321228	2020-12-18	\N	1	\N
534	141333	1085302026	12993006	2020-10-27	\N	1	\N
535	141334	1233189983	12993006	2020-10-27	\N	1	\N
536	141335	1085337373	1085321228	2020-12-11	\N	1	\N
537	141336	1004232477	12965320	2020-10-27	\N	1	\N
538	141337	1085346696	36750231	2020-10-27	\N	1	\N
539	141338	5207773	36750231	2020-10-27	\N	1	\N
540	141339	1081595807	36750231	2020-10-27	\N	1	\N
541	141340	1085252071	1085321228	2020-11-09	2021-03-05	1	\N
542	141341	1082658607	30744712	2020-11-19	\N	1	\N
543	141343	1088654148	12993006	2020-10-27	\N	1	\N
544	141344	1085339674	12965320	2020-10-27	\N	1	\N
545	141345	1004232326	1085321228	2020-12-28	\N	1	\N
546	141346	1085342306	12750465	2020-10-27	\N	1	\N
547	141347	1085343510	12750465	2020-10-27	\N	1	\N
548	141348	1193224194	12993006	2020-10-27	\N	1	\N
549	141349	59686999	98430865	2021-04-07	\N	3	\N
550	141350	1087204503	98430865	2021-04-07	\N	3	\N
551	141351	1193271355	36750231	2020-10-27	\N	1	\N
552	141352	1085347575	1085321228	2020-10-27	\N	1	\N
553	141353	1193405089	98430865	2021-04-07	\N	3	\N
554	141354	1085314467	12993006	2020-10-27	\N	1	\N
555	141355	1004577881	1085928435	2021-04-07	\N	2	\N
556	141356	1004641643	98430865	2021-04-07	\N	3	\N
557	141357	1085260375	12965320	2020-10-27	\N	1	\N
558	141358	1085343186	36750231	2020-10-27	\N	1	\N
559	141359	1085346330	12993006	2020-10-18	\N	1	\N
560	141361	1086139708	98385464	2020-10-27	\N	1	\N
561	141362	1087648055	98385464	2020-10-27	\N	1	\N
562	141363	1082749458	36750231	2020-10-27	\N	1	\N
563	141364	1085327684	98385464	2020-10-27	\N	1	\N
564	141365	1085327866	12750465	2020-10-27	\N	1	\N
565	141366	1062329144	98385464	2020-12-03	\N	1	\N
566	141367	1085344075	12965320	2020-10-27	\N	1	\N
567	141368	1004508603	12993006	2020-10-27	\N	1	\N
568	141369	1086358030	12965320	2020-10-28	\N	1	\N
569	141370	1085344924	98385464	2020-10-27	\N	1	\N
570	141371	1004674958	36750231	2020-10-27	\N	1	\N
571	141372	1086140049	12993006	2020-10-27	\N	1	\N
572	141373	1004572684	1086223701	2020-11-19	\N	1	\N
573	141374	1086139490	12965320	2020-10-27	2021-05-19	1	\N
574	141375	1085339137	98385464	2020-10-27	\N	1	\N
575	141376	1085347817	12750465	2020-10-27	\N	1	\N
576	141377	1085333814	12993006	2020-10-27	\N	1	\N
577	141378	1085338280	12965320	2020-10-27	\N	1	\N
578	141379	1004489552	1085321228	2020-10-27	\N	1	\N
579	141380	1004631161	12993006	2020-10-27	\N	1	\N
580	141381	1004598329	1085321228	2020-12-16	\N	1	\N
581	141382	1233193240	36750231	2020-10-27	\N	1	\N
582	141383	1010079355	12993006	2020-10-27	\N	1	\N
583	141384	1010145698	12965320	2020-10-27	\N	1	\N
584	141385	1085330793	98385464	2020-10-27	\N	1	\N
585	141386	1085313425	12750465	2020-10-27	\N	1	\N
586	141387	1085345267	12965320	2020-10-27	\N	1	\N
587	141388	1004629369	36750231	2020-10-27	\N	1	\N
588	141389	1193255392	12965320	2020-10-27	\N	1	\N
589	141390	1233194027	12750465	2020-12-03	\N	1	\N
590	141391	1085337382	1085321228	2020-10-27	\N	1	\N
591	141392	1233192541	12993006	2020-10-27	\N	1	\N
592	141393	1085307956	98385464	2020-10-27	\N	1	\N
593	141394	1087646443	12993006	2020-10-26	\N	1	\N
594	141395	1085285952	36750231	2020-10-27	\N	1	\N
595	141396	1004232503	1085321228	2020-12-10	\N	1	\N
596	141397	1085340001	1085321228	2020-12-21	\N	1	\N
597	141398	1004613170	98430865	2021-04-07	\N	3	\N
598	141399	1120216619	98385464	2020-10-27	\N	1	\N
599	141400	1233188193	12750465	2020-10-27	\N	1	\N
600	141401	1233188191	1085321228	2020-11-03	\N	1	\N
601	141402	1004136692	12965320	2020-10-27	\N	1	\N
602	141403	1085342390	98385464	2020-10-27	\N	1	\N
603	141404	1085249821	1085321228	2021-01-15	\N	1	\N
604	141405	1085337907	12965320	2020-10-27	\N	1	\N
605	141406	1085337663	36750231	2020-10-28	2020-12-23	1	\N
606	141407	1082658728	12750465	2020-10-27	\N	1	\N
607	141408	1085327152	1085321228	2020-10-27	\N	1	\N
608	141409	1085308142	1085321228	2020-12-11	\N	1	\N
609	141410	1233191005	12750465	2020-12-03	\N	1	\N
610	141411	1004214844	12750465	2020-10-27	\N	1	\N
611	141412	1085917288	12993006	2020-10-27	\N	1	\N
612	141414	1085316375	12993006	2020-10-27	\N	1	\N
613	141415	1089348812	12993006	2020-10-26	\N	1	\N
614	141416	1004235752	1085321228	2020-12-11	\N	1	\N
615	141417	36755716	12993006	2020-10-26	\N	1	\N
616	141418	1085912693	1085928435	2021-04-07	\N	2	\N
617	141419	1085338331	12750465	2020-10-28	\N	1	\N
618	141420	1085338617	12993006	2020-10-27	\N	1	\N
619	141421	1086019384	1085321228	2020-12-23	\N	1	\N
620	141422	1193034049	36750231	2020-10-27	\N	1	\N
621	141423	1085330364	12993006	2020-10-27	\N	1	\N
622	141424	1082658295	12965320	2020-10-27	\N	1	\N
623	141425	1085347638	1085262541	2020-10-29	\N	2	\N
624	141426	1193377140	1085262541	2020-10-28	\N	2	\N
625	141427	1086107460	1085262541	2020-10-28	\N	2	\N
626	141428	1085952141	1085262541	2020-10-29	\N	2	\N
627	141429	1004549969	1085262541	2020-10-29	\N	2	\N
628	141430	1004539561	1085262541	2020-12-03	\N	2	\N
629	141431	1085945940	1085262541	2020-10-28	\N	2	\N
630	141432	80214263	1085262541	2020-10-29	\N	2	\N
631	141433	1085937766	1085262541	2020-10-28	\N	2	\N
632	141434	1088599072	1085262541	2021-01-19	\N	2	\N
633	141435	1085635093	1085262541	2020-11-19	\N	2	\N
634	141436	1086107833	1085262541	2020-10-29	\N	2	\N
635	141437	1085907418	1085262541	2020-10-28	\N	2	\N
636	141438	1085950922	1085262541	2020-10-28	\N	2	\N
637	141439	1192768129	1085262541	2020-10-29	\N	2	\N
638	141440	1004545728	1085262541	2020-10-28	\N	2	\N
639	141441	1085941110	1085262541	2020-10-28	\N	2	\N
640	141442	1085940237	1085262541	2020-10-29	\N	2	\N
641	141443	1007274439	1085262541	2020-10-29	\N	2	\N
642	141444	87104191	1085928435	2020-10-29	\N	2	\N
643	141445	1085946280	1085262541	2020-10-28	\N	2	\N
644	141446	1085924411	1085262541	2020-10-29	\N	2	\N
645	141447	1085284983	1085262541	2020-10-29	\N	2	\N
646	141448	1085900146	1085262541	2020-12-07	\N	2	\N
647	141449	1085326995	1085262541	2020-10-29	\N	2	\N
648	141450	1193419521	1085262541	2020-12-03	\N	2	\N
649	141451	1085945720	1085262541	2020-10-28	\N	2	\N
650	141452	1085948001	1085262541	2020-11-03	\N	2	\N
651	141453	1010097379	1085928435	2021-04-15	\N	2	\N
652	141454	1085946433	1085262541	2020-10-29	\N	2	\N
653	141455	87216290	1085262541	2020-10-28	\N	2	\N
654	141456	1085636379	1085262541	2020-10-29	\N	2	\N
655	141457	1085943967	1085262541	2020-11-03	\N	2	\N
656	141458	1004550045	1085262541	2020-10-29	\N	2	\N
657	141459	1004532627	1085262541	2020-10-29	\N	2	\N
658	141460	1086756635	1085262541	2020-10-29	\N	2	\N
659	141461	1085940595	1085262541	2020-11-19	\N	2	\N
660	141462	1085949080	1085262541	2020-10-28	\N	2	\N
661	141463	1004538719	1085262541	2020-10-29	\N	2	\N
662	141464	1010071446	1085262541	2020-12-03	\N	2	\N
663	141465	1000512393	1085262541	2020-10-29	\N	2	\N
664	141467	1085930176	1085928435	2021-04-15	\N	2	\N
665	141468	1007254247	1085262541	2020-10-29	\N	2	\N
666	141469	1085945603	1085262541	2020-10-29	\N	2	\N
667	141471	1007268588	1085262541	2020-10-28	\N	2	\N
668	141472	1086756592	1085262541	2020-10-29	\N	2	\N
669	141473	1085635312	1085262541	2020-10-28	\N	2	\N
670	141474	1085326139	1085262541	2020-10-29	\N	2	\N
671	141475	1004577199	1085262541	2020-10-29	\N	2	\N
672	141476	1087425144	98135345	2020-10-28	\N	4	\N
673	141477	1007602392	98135345	2020-10-28	\N	4	\N
674	141478	1087424246	98135345	2020-10-28	\N	4	\N
675	141479	1004564268	98135345	2020-10-28	\N	4	\N
676	141480	1089848173	98135345	2020-10-28	\N	4	\N
677	141481	1087426672	98135345	2020-10-28	\N	4	\N
678	141482	1061757868	98135345	2020-10-28	\N	4	\N
679	141483	1004770475	98135345	2020-10-28	\N	4	\N
680	141484	1087418714	98135345	2020-10-28	\N	4	\N
681	141485	1004771786	98135345	2020-12-03	\N	4	\N
682	141486	1087418714	98135345	2020-10-28	\N	4	\N
683	141487	1004714055	98135345	2021-02-24	\N	4	\N
684	141488	1007602661	98135345	2020-11-11	\N	4	\N
685	141489	1087426662	98135345	2020-10-28	\N	4	\N
686	141490	1004771691	98135345	2020-10-28	\N	4	\N
687	141491	87533307	98135345	2020-10-28	\N	4	\N
688	141492	1087416167	98135345	2020-10-28	\N	4	\N
689	141493	1007736558	98135345	2020-10-28	\N	4	\N
690	141494	1087419731	98135345	2020-10-28	\N	4	\N
691	141495	1085296796	98135345	2020-10-28	\N	4	\N
692	141496	1088734823	98135345	2020-10-28	\N	4	\N
693	141497	1085295407	98135345	2020-10-28	\N	4	\N
694	141498	1089846594	98135345	2020-10-28	\N	4	\N
695	141499	1087423416	13067025	2021-04-07	\N	4	\N
696	141500	1089848192	98135345	2020-10-29	\N	4	\N
697	141501	1087422957	98135345	2020-10-29	\N	4	\N
698	141502	1088738161	98135345	2020-10-29	\N	4	\N
699	141503	95022718429	98135345	2020-12-03	\N	4	\N
700	141504	1089295056	98135345	2020-10-29	\N	4	\N
701	141505	1087424194	13067025	2021-04-07	\N	4	\N
702	141506	1088736824	98135345	2020-10-29	\N	4	\N
703	141507	1086896539	98135345	2020-10-29	\N	4	\N
704	141508	1087425337	98135345	2020-10-29	\N	4	\N
705	141509	1007180896	13067025	2021-04-07	\N	4	\N
706	141511	1086499667	98135345	2021-02-01	\N	4	\N
707	141512	1087426303	98135345	2020-10-29	\N	4	\N
708	141513	1004714248	98135345	2020-10-29	\N	4	\N
709	141514	1087416054	98135345	2020-11-19	\N	4	\N
710	141516	1004714248	98135345	2020-10-29	\N	4	\N
711	141517	1085946787	98135345	2020-10-29	\N	4	\N
712	141519	1087425921	98135345	2020-10-29	\N	4	\N
713	141520	1078372760	13067025	2021-04-07	\N	4	\N
714	141521	1004618444	98430865	2020-10-28	\N	3	\N
715	141522	1087206521	98430865	2020-10-28	\N	3	\N
716	141524	1010111052	98430865	2020-10-28	\N	3	\N
717	141525	1087201543	98430865	2020-10-28	\N	3	\N
718	141526	1010108792	98430865	2020-10-28	\N	3	\N
719	141527	1004620550	98430865	2020-10-28	\N	3	\N
720	141528	1087118086	98430865	2020-10-28	\N	3	\N
721	141529	1107073885	98430865	2020-10-28	\N	3	\N
722	141530	1087131866	98430865	2020-10-28	\N	3	\N
723	141531	1087185771	98430865	2020-11-19	\N	3	\N
724	141532	1004747098	98430865	2020-10-28	\N	3	\N
725	141533	1004610853	98430865	2020-10-28	\N	3	\N
726	141534	1004640222	98430865	2020-10-28	\N	3	\N
727	141535	1087211264	98430865	2020-10-28	\N	3	\N
728	141536	1004614382	98430865	2020-10-28	\N	3	\N
729	141537	1087800294	98430865	2020-10-28	\N	3	\N
730	141538	1087185946	98430865	2020-10-28	\N	3	\N
731	141539	1004620682	98430865	2020-11-09	\N	3	\N
732	141540	1004608475	98430865	2020-10-28	\N	3	\N
733	141541	1087206787	98430865	2020-10-28	\N	3	\N
734	141542	1087206849	98430865	2020-10-29	\N	3	\N
735	141543	1087201078	98430865	2020-10-28	\N	3	\N
736	141544	1193243900	98430865	2020-10-28	\N	3	\N
737	141545	59687480	98430865	2020-10-28	\N	3	\N
738	141546	1087800625	98430865	2020-10-29	\N	3	\N
739	141547	1004214225	98430865	2020-10-28	\N	3	\N
740	141548	59686424	98430865	2020-10-29	\N	3	\N
741	141549	1004610401	98430865	2020-10-28	\N	3	\N
742	141550	1087201202	98430865	2020-10-28	\N	3	\N
743	141553	1087196773	98430865	2020-10-28	\N	3	\N
744	141554	1087110867	98430865	2020-10-28	\N	3	\N
745	141555	1004639958	98430865	2020-10-28	\N	3	\N
746	141556	1004640048	98430865	2020-10-28	\N	3	\N
747	141557	1087126824	98430865	2020-10-28	\N	3	\N
748	141558	1004607128	98430865	2020-10-29	\N	3	\N
749	141559	1004637549	98430865	2020-10-29	\N	3	\N
750	141560	1087205666	98430865	2020-10-28	\N	3	\N
751	141561	1087203767	98430865	2020-10-27	\N	3	\N
752	141562	1087197597	98430865	2020-12-11	\N	3	\N
753	141563	1193032909	98430865	2020-12-11	\N	3	\N
754	141564	1087210550	98430865	2020-10-28	\N	3	\N
755	141565	1087207779	98430865	2020-10-29	\N	3	\N
756	141567	1087212365	98430865	2020-10-29	\N	3	\N
757	141568	1000331353	98430865	2020-10-28	\N	3	\N
758	141569	1004578999	98430865	2020-11-09	\N	3	\N
759	141570	1004189842	98430865	2020-10-28	\N	3	\N
760	141571	1087210437	98430865	2020-10-28	\N	3	\N
761	141572	1087193550	98430865	2020-10-28	\N	3	\N
762	141573	1087200820	98430865	2020-10-29	\N	3	\N
763	141574	1087212214	98430865	2020-10-29	\N	3	\N
764	141575	1004614436	98430865	2020-10-29	\N	3	\N
765	141576	1193589324	98430865	2020-10-29	\N	3	\N
766	141577	1004342379	98430865	2020-10-28	\N	3	\N
767	141578	59683363	98430865	2020-10-29	\N	3	\N
768	141579	1004614433	98430865	2020-10-29	\N	3	\N
769	141580	1004620622	98430865	2020-10-29	\N	3	\N
770	141581	1004612158	98430865	2020-11-09	\N	3	\N
771	141582	1004608505	98430865	2020-10-29	\N	3	\N
772	141583	1087792019	98430865	2020-10-29	\N	3	\N
773	141584	1087213240	98430865	2020-10-29	\N	3	\N
774	141585	1004608136	98430865	2020-10-29	\N	3	\N
775	141586	1086725791	98430865	2020-10-29	\N	3	\N
776	141587	1004612618	98430865	2020-10-29	\N	3	\N
777	141588	1004609325	98430865	2020-10-29	\N	3	\N
778	141589	1004612119	98430865	2020-12-11	\N	3	\N
779	141590	1004637671	98430865	2020-10-22	\N	3	\N
780	141591	1004637373	98430865	2020-10-28	\N	3	\N
781	141592	1004616775	98430865	2020-12-11	\N	3	\N
782	141593	1087208622	98430865	2020-11-05	\N	3	\N
783	141594	1087807732	98430865	2020-10-29	\N	3	\N
784	141595	1087202816	98430865	2020-10-29	\N	3	\N
785	141596	1087212095	98430865	2020-10-29	\N	3	\N
786	141597	1193554439	98430865	2020-10-29	\N	3	\N
787	141598	1087121972	98430865	2020-10-29	\N	3	\N
788	141599	1003516214	98430865	2020-10-29	\N	3	\N
789	141600	1004612476	98430865	2020-10-29	\N	3	\N
790	141601	5228293	1085321228	2020-11-17	2021-03-05	1	\N
791	141602	98390168	1085321228	2020-11-17	\N	1	\N
792	141604	12970298	1085321228	2020-11-17	\N	1	\N
793	141605	98400732	1085321228	2020-11-17	\N	1	\N
794	141606	1085304505	1085321228	2021-01-15	\N	1	\N
795	141607	5278363	1085321228	2020-11-17	\N	1	\N
796	141608	5228293	1085321228	2021-02-15	\N	1	\N
797	141609	1084552599	12750465	2020-10-27	\N	1	\N
798	141610	1080042238	1085321228	2020-02-03	\N	1	\N
799	141611	1087413313	1085321228	2020-10-29	\N	1	\N
800	141612	1233192603	1085321228	2020-10-29	\N	1	\N
801	141613	1085341495	1085321228	2021-04-26	\N	1	\N
802	141615	1010123256	1131084617	2021-04-05	\N	1	\N
803	141618	1086139220	1085321228	2021-04-22	\N	1	\N
804	141626	1085338238	87064900	2021-04-05	\N	1	\N
805	141636	1004133973	1085321228	2021-04-05	\N	1	\N
806	141639	1004338550	1131084617	2021-04-06	\N	1	\N
807	141640	1085319128	87064900	2021-04-05	\N	1	\N
808	141641	1085338638	1085321228	2021-04-05	\N	1	\N
809	141644	1085336616	1085321228	2021-04-06	\N	1	\N
810	141646	1085347305	1131084617	2021-04-07	\N	1	\N
811	141647	1233193888	1131084617	2021-04-08	\N	1	\N
812	141648	1087646374	87064900	2021-04-07	\N	1	\N
813	141649	1010215700	1085321228	2021-04-06	\N	1	\N
814	141654	1085322742	1085321228	2021-04-15	\N	1	\N
815	141659	1193364188	1085321228	2021-04-21	\N	1	\N
816	141660	1233194127	1085321228	2021-04-09	\N	1	\N
817	141661	1000182871	1085321228	2021-04-05	\N	1	\N
818	141663	1193273039	1085321228	2021-04-29	\N	1	\N
819	141664	1004133793	1085321228	2021-04-05	\N	1	\N
820	141665	1010057321	1131084617	2021-04-06	\N	1	\N
821	141666	1004190699	87064900	2021-04-05	\N	1	\N
822	141667	1124314426	1131084617	2021-04-05	\N	1	\N
823	141668	1085334373	1131084617	2021-04-08	\N	1	\N
824	141669	1233193744	1085321228	2021-04-05	\N	1	\N
825	141670	87070393	1085321228	2021-04-07	\N	1	\N
826	141672	1004233342	1085321228	2021-04-16	\N	1	\N
827	141673	1000464268	1085321228	2021-04-05	\N	1	\N
828	141674	1085936471	1131084617	2021-04-06	\N	1	\N
829	141676	12754224	1085321228	2021-04-15	\N	1	\N
830	141677	1085945556	1085321228	2021-04-06	\N	1	\N
831	141678	1004133429	87064900	2021-04-05	\N	1	\N
832	141679	87070096	1085321228	2021-04-12	\N	1	\N
833	141681	1085292914	87064900	2021-04-07	\N	1	\N
834	141682	1085341971	1085321228	2021-04-05	\N	1	\N
835	141683	1087619326	1085321228	2021-04-23	\N	1	\N
836	141684	1084228359	1085321228	2021-04-06	\N	1	\N
837	141685	1086019945	87064900	2021-04-07	\N	1	\N
838	141687	1085332507	1085321228	2021-04-29	\N	1	\N
839	141689	1193216237	1085321228	2021-04-09	\N	1	\N
840	141690	1010119949	1085321228	2021-04-09	\N	1	\N
841	141691	1131085881	1085321228	2021-04-06	\N	1	\N
842	141693	1233189142	1085321228	2021-04-21	\N	1	\N
843	141694	1233192341	1085321228	2021-04-19	\N	1	\N
844	141695	1085342808	1085321228	2021-04-20	\N	1	\N
845	141697	1085262446	1085321228	2021-04-09	\N	1	\N
846	141700	1040746840	87064900	2021-04-05	\N	1	\N
847	141701	1085328580	1131084617	2021-04-07	\N	1	\N
848	141705	1233193771	87064900	2021-04-07	\N	1	\N
849	141706	1080041826	87064900	2021-04-07	\N	1	\N
850	141707	1004547910	1085321228	2021-04-05	\N	1	\N
851	141708	1120217995	87064900	2021-04-07	\N	1	\N
852	141710	1010097602	87064900	2021-04-05	\N	1	\N
853	141712	1004338636	87064900	2021-04-07	\N	1	\N
854	141714	1004624131	1085321228	2021-04-06	\N	1	\N
855	141722	1193478836	1131084617	2021-04-05	\N	1	\N
856	141729	1085330124	87064900	2021-04-05	\N	1	\N
857	141731	1082658044	87064900	2021-04-07	\N	1	\N
858	141733	1087648343	1085321228	2021-04-19	\N	1	\N
859	141734	1233190448	1085321228	2021-04-20	\N	1	\N
860	141735	1085320365	1085321228	2021-04-19	\N	1	\N
861	141739	1004192666	87064900	2021-04-06	\N	1	\N
862	141740	1193271298	1131084617	2021-04-05	\N	1	\N
863	141741	12753910	87064900	2021-04-05	\N	1	\N
864	141742	1085337663	1085321228	2021-04-20	\N	1	\N
865	141743	1085338858	1131084617	2021-04-05	\N	1	\N
866	141744	1019134032	1131084617	2021-04-05	\N	1	\N
867	141746	1085346991	1131084617	2021-04-06	\N	1	\N
868	141747	1004236402	1085321228	2021-04-13	\N	1	\N
869	141748	1085340115	1085321228	2021-04-30	\N	1	\N
870	141749	1004676020	1085321228	2021-04-23	\N	1	\N
871	141750	1085335670	1131084617	2021-04-05	\N	1	\N
872	141751	1085342152	1085321228	2021-04-05	\N	1	\N
873	141752	1004216326	1131084617	2021-04-05	\N	1	\N
874	141753	1085297082	1085321228	2021-04-15	\N	1	\N
875	141755	1085303475	87064900	2021-04-05	\N	1	\N
876	141757	1193037359	1131084617	2021-04-05	\N	1	\N
877	141758	1004214774	87064900	2021-04-07	\N	1	\N
878	141760	1004134002	1085321228	2021-04-20	\N	1	\N
879	141762	1233192584	87064900	2021-04-05	\N	1	\N
880	141763	1004561310	1085321228	2021-04-21	\N	1	\N
881	141766	1085279200	1131084617	2021-04-08	\N	1	\N
882	141767	1004136815	1085321228	2021-04-27	\N	1	\N
883	141769	1010133539	1085321228	2021-04-26	\N	1	\N
884	141770	1004235784	1131084617	2021-04-05	\N	1	\N
885	141771	1085313032	1085321228	2021-04-05	\N	1	\N
886	141772	1233188738	87064900	2021-04-05	\N	1	\N
887	141773	1004234882	1085321228	2021-04-26	\N	1	\N
888	141774	1086500211	87064900	2021-04-07	\N	1	\N
889	141775	1087648266	1131084617	2021-04-08	\N	1	\N
890	141778	1085333345	1085321228	2021-04-05	\N	1	\N
891	141779	1085336100	1085321228	2021-04-23	\N	1	\N
892	141780	1085279805	1131084617	2021-04-06	\N	1	\N
893	141781	1004255432	1085321228	2021-04-09	\N	1	\N
894	141782	1233188972	1085321228	2021-04-12	\N	1	\N
895	141783	1037668113	1085321228	2021-04-09	\N	1	\N
896	141784	1085346176	1085321228	2021-04-09	\N	1	\N
897	141838	1004190393	1085321228	2021-04-14	\N	1	\N
898	141839	1085309139	1085321228	2021-04-14	\N	1	\N
899	141840	1085332620	1085321228	2021-04-05	\N	1	\N
900	141841	1085310048	1085321228	2021-04-05	\N	1	\N
901	141842	1085340920	1131084617	2021-04-05	\N	1	\N
902	141843	1193467425	87064900	2021-04-05	\N	1	\N
903	141844	1233189985	1085321228	2021-04-20	\N	1	\N
904	141845	1085325957	1131084617	2021-04-05	\N	1	\N
905	141846	1004540736	1085321228	2021-04-05	\N	1	\N
906	141848	1081273599	1085321228	2021-04-21	\N	1	\N
907	141866	1085293026	1085321228	2021-04-07	\N	1	\N
908	141868	1085943801	1085928435	2021-04-08	\N	2	\N
909	141869	1088598078	1085928435	2021-04-08	\N	2	\N
910	141870	1193036113	1085928435	2021-04-09	\N	2	\N
911	141871	1085950764	1085928435	2021-04-13	\N	2	\N
912	141875	1004625304	1085928435	2021-04-07	\N	2	\N
913	141876	1086301821	1085928435	2021-04-08	\N	2	\N
914	141878	1086106815	1085928435	2021-04-07	\N	2	\N
915	141879	1192808879	1085928435	2021-04-07	\N	2	\N
916	141880	1085944012	1085928435	2021-04-08	\N	2	\N
917	141881	1124865900	1085928435	2021-04-08	\N	2	\N
918	141882	1085936540	1085928435	2021-04-07	\N	2	\N
919	141883	1004577178	1085928435	2021-04-08	\N	2	\N
920	141884	1193043577	1085321228	2021-04-06	\N	1	\N
\.


--
-- TOC entry 3099 (class 0 OID 57885)
-- Dependencies: 205
-- Data for Name: procesos; Type: TABLE DATA; Schema: public; Owner: postgres
--

COPY public.procesos (id_proceso, proceso, descripcion) FROM stdin;
1	Garantía - Revisión	El equipo presenta fallas
2	Devolución	El equipo ha sido devuelto
\.


--
-- TOC entry 3117 (class 0 OID 57997)
-- Dependencies: 223
-- Data for Name: registros; Type: TABLE DATA; Schema: public; Owner: postgres
--

COPY public.registros (id_registro, id_prestamo, qr, fecha_inicio, fecha_fin, id_proceso, pdf_soporte) FROM stdin;
\.


--
-- TOC entry 3097 (class 0 OID 57875)
-- Dependencies: 203
-- Data for Name: sedes; Type: TABLE DATA; Schema: public; Owner: postgres
--

COPY public.sedes (id_sede, sede) FROM stdin;
1	Pasto
2	Ipiales
3	Tumaco
4	Túquerres
\.


--
-- TOC entry 3138 (class 0 OID 0)
-- Dependencies: 206
-- Name: carreras_id_sede_seq; Type: SEQUENCE SET; Schema: public; Owner: postgres
--

SELECT pg_catalog.setval('public.carreras_id_sede_seq', 1, false);


--
-- TOC entry 3139 (class 0 OID 0)
-- Dependencies: 210
-- Name: equipos_id_lote_seq; Type: SEQUENCE SET; Schema: public; Owner: postgres
--

SELECT pg_catalog.setval('public.equipos_id_lote_seq', 1, false);


--
-- TOC entry 3140 (class 0 OID 0)
-- Dependencies: 211
-- Name: equipos_sede_responsable_seq; Type: SEQUENCE SET; Schema: public; Owner: postgres
--

SELECT pg_catalog.setval('public.equipos_sede_responsable_seq', 1, false);


--
-- TOC entry 3141 (class 0 OID 0)
-- Dependencies: 200
-- Name: lotes_id_lote_seq; Type: SEQUENCE SET; Schema: public; Owner: postgres
--

SELECT pg_catalog.setval('public.lotes_id_lote_seq', 3, true);


--
-- TOC entry 3142 (class 0 OID 0)
-- Dependencies: 215
-- Name: prestamos_dni_comodatario_seq; Type: SEQUENCE SET; Schema: public; Owner: postgres
--

SELECT pg_catalog.setval('public.prestamos_dni_comodatario_seq', 1, false);


--
-- TOC entry 3143 (class 0 OID 0)
-- Dependencies: 216
-- Name: prestamos_dni_funcionario_seq; Type: SEQUENCE SET; Schema: public; Owner: postgres
--

SELECT pg_catalog.setval('public.prestamos_dni_funcionario_seq', 1, false);


--
-- TOC entry 3144 (class 0 OID 0)
-- Dependencies: 213
-- Name: prestamos_id_prestamo_seq; Type: SEQUENCE SET; Schema: public; Owner: postgres
--

SELECT pg_catalog.setval('public.prestamos_id_prestamo_seq', 920, true);


--
-- TOC entry 3145 (class 0 OID 0)
-- Dependencies: 217
-- Name: prestamos_lugar_prestamo_seq; Type: SEQUENCE SET; Schema: public; Owner: postgres
--

SELECT pg_catalog.setval('public.prestamos_lugar_prestamo_seq', 1, false);


--
-- TOC entry 3146 (class 0 OID 0)
-- Dependencies: 214
-- Name: prestamos_qr_seq; Type: SEQUENCE SET; Schema: public; Owner: postgres
--

SELECT pg_catalog.setval('public.prestamos_qr_seq', 1, false);


--
-- TOC entry 3147 (class 0 OID 0)
-- Dependencies: 204
-- Name: procesos_id_proceso_seq; Type: SEQUENCE SET; Schema: public; Owner: postgres
--

SELECT pg_catalog.setval('public.procesos_id_proceso_seq', 2, true);


--
-- TOC entry 3148 (class 0 OID 0)
-- Dependencies: 220
-- Name: registros_id_prestamo_seq; Type: SEQUENCE SET; Schema: public; Owner: postgres
--

SELECT pg_catalog.setval('public.registros_id_prestamo_seq', 1, false);


--
-- TOC entry 3149 (class 0 OID 0)
-- Dependencies: 222
-- Name: registros_id_proceso_seq; Type: SEQUENCE SET; Schema: public; Owner: postgres
--

SELECT pg_catalog.setval('public.registros_id_proceso_seq', 1, false);


--
-- TOC entry 3150 (class 0 OID 0)
-- Dependencies: 219
-- Name: registros_id_registro_seq; Type: SEQUENCE SET; Schema: public; Owner: postgres
--

SELECT pg_catalog.setval('public.registros_id_registro_seq', 1, false);


--
-- TOC entry 3151 (class 0 OID 0)
-- Dependencies: 221
-- Name: registros_qr_seq; Type: SEQUENCE SET; Schema: public; Owner: postgres
--

SELECT pg_catalog.setval('public.registros_qr_seq', 1, false);


--
-- TOC entry 3152 (class 0 OID 0)
-- Dependencies: 202
-- Name: sedes_id_sede_seq; Type: SEQUENCE SET; Schema: public; Owner: postgres
--

SELECT pg_catalog.setval('public.sedes_id_sede_seq', 4, true);


--
-- TOC entry 2938 (class 2606 OID 57903)
-- Name: carreras carreras_pkey; Type: CONSTRAINT; Schema: public; Owner: postgres
--

ALTER TABLE ONLY public.carreras
    ADD CONSTRAINT carreras_pkey PRIMARY KEY (cod_carrera);


--
-- TOC entry 2942 (class 2606 OID 57920)
-- Name: comodatarios comodatarios_codigo_key; Type: CONSTRAINT; Schema: public; Owner: postgres
--

ALTER TABLE ONLY public.comodatarios
    ADD CONSTRAINT comodatarios_codigo_key UNIQUE (codigo);


--
-- TOC entry 2944 (class 2606 OID 57918)
-- Name: comodatarios comodatarios_pkey; Type: CONSTRAINT; Schema: public; Owner: postgres
--

ALTER TABLE ONLY public.comodatarios
    ADD CONSTRAINT comodatarios_pkey PRIMARY KEY (cedula);


--
-- TOC entry 2946 (class 2606 OID 57936)
-- Name: equipos equipos_pkey; Type: CONSTRAINT; Schema: public; Owner: postgres
--

ALTER TABLE ONLY public.equipos
    ADD CONSTRAINT equipos_pkey PRIMARY KEY (qr);


--
-- TOC entry 2948 (class 2606 OID 57938)
-- Name: equipos equipos_sn_key; Type: CONSTRAINT; Schema: public; Owner: postgres
--

ALTER TABLE ONLY public.equipos
    ADD CONSTRAINT equipos_sn_key UNIQUE (sn);


--
-- TOC entry 2940 (class 2606 OID 57913)
-- Name: funcionarios funcionarios_pkey; Type: CONSTRAINT; Schema: public; Owner: postgres
--

ALTER TABLE ONLY public.funcionarios
    ADD CONSTRAINT funcionarios_pkey PRIMARY KEY (cedula);


--
-- TOC entry 2928 (class 2606 OID 57872)
-- Name: lotes lotes_pkey; Type: CONSTRAINT; Schema: public; Owner: postgres
--

ALTER TABLE ONLY public.lotes
    ADD CONSTRAINT lotes_pkey PRIMARY KEY (id_lote);


--
-- TOC entry 2950 (class 2606 OID 57968)
-- Name: prestamos prestamos_pkey; Type: CONSTRAINT; Schema: public; Owner: postgres
--

ALTER TABLE ONLY public.prestamos
    ADD CONSTRAINT prestamos_pkey PRIMARY KEY (id_prestamo);


--
-- TOC entry 2934 (class 2606 OID 57893)
-- Name: procesos procesos_pkey; Type: CONSTRAINT; Schema: public; Owner: postgres
--

ALTER TABLE ONLY public.procesos
    ADD CONSTRAINT procesos_pkey PRIMARY KEY (id_proceso);


--
-- TOC entry 2936 (class 2606 OID 57895)
-- Name: procesos procesos_proceso_key; Type: CONSTRAINT; Schema: public; Owner: postgres
--

ALTER TABLE ONLY public.procesos
    ADD CONSTRAINT procesos_proceso_key UNIQUE (proceso);


--
-- TOC entry 2952 (class 2606 OID 58008)
-- Name: registros registros_pkey; Type: CONSTRAINT; Schema: public; Owner: postgres
--

ALTER TABLE ONLY public.registros
    ADD CONSTRAINT registros_pkey PRIMARY KEY (id_registro);


--
-- TOC entry 2930 (class 2606 OID 57880)
-- Name: sedes sedes_pkey; Type: CONSTRAINT; Schema: public; Owner: postgres
--

ALTER TABLE ONLY public.sedes
    ADD CONSTRAINT sedes_pkey PRIMARY KEY (id_sede);


--
-- TOC entry 2932 (class 2606 OID 57882)
-- Name: sedes sedes_sede_key; Type: CONSTRAINT; Schema: public; Owner: postgres
--

ALTER TABLE ONLY public.sedes
    ADD CONSTRAINT sedes_sede_key UNIQUE (sede);


--
-- TOC entry 2953 (class 2606 OID 57904)
-- Name: carreras carreras_id_sede_fkey; Type: FK CONSTRAINT; Schema: public; Owner: postgres
--

ALTER TABLE ONLY public.carreras
    ADD CONSTRAINT carreras_id_sede_fkey FOREIGN KEY (id_sede) REFERENCES public.sedes(id_sede);


--
-- TOC entry 2954 (class 2606 OID 57921)
-- Name: comodatarios comodatarios_cod_carrera_fkey; Type: FK CONSTRAINT; Schema: public; Owner: postgres
--

ALTER TABLE ONLY public.comodatarios
    ADD CONSTRAINT comodatarios_cod_carrera_fkey FOREIGN KEY (cod_carrera) REFERENCES public.carreras(cod_carrera);


--
-- TOC entry 2955 (class 2606 OID 57939)
-- Name: equipos equipos_id_lote_fkey; Type: FK CONSTRAINT; Schema: public; Owner: postgres
--

ALTER TABLE ONLY public.equipos
    ADD CONSTRAINT equipos_id_lote_fkey FOREIGN KEY (id_lote) REFERENCES public.lotes(id_lote);


--
-- TOC entry 2956 (class 2606 OID 57944)
-- Name: equipos equipos_sede_responsable_fkey; Type: FK CONSTRAINT; Schema: public; Owner: postgres
--

ALTER TABLE ONLY public.equipos
    ADD CONSTRAINT equipos_sede_responsable_fkey FOREIGN KEY (sede_responsable) REFERENCES public.sedes(id_sede);


--
-- TOC entry 2960 (class 2606 OID 74142)
-- Name: prestamos prestamos_dni_comodatario_fkey; Type: FK CONSTRAINT; Schema: public; Owner: postgres
--

ALTER TABLE ONLY public.prestamos
    ADD CONSTRAINT prestamos_dni_comodatario_fkey FOREIGN KEY (dni_comodatario) REFERENCES public.comodatarios(cedula);


--
-- TOC entry 2958 (class 2606 OID 57979)
-- Name: prestamos prestamos_dni_funcionario_fkey; Type: FK CONSTRAINT; Schema: public; Owner: postgres
--

ALTER TABLE ONLY public.prestamos
    ADD CONSTRAINT prestamos_dni_funcionario_fkey FOREIGN KEY (dni_funcionario) REFERENCES public.funcionarios(cedula);


--
-- TOC entry 2959 (class 2606 OID 57984)
-- Name: prestamos prestamos_lugar_prestamo_fkey; Type: FK CONSTRAINT; Schema: public; Owner: postgres
--

ALTER TABLE ONLY public.prestamos
    ADD CONSTRAINT prestamos_lugar_prestamo_fkey FOREIGN KEY (lugar_prestamo) REFERENCES public.sedes(id_sede);


--
-- TOC entry 2957 (class 2606 OID 57969)
-- Name: prestamos prestamos_qr_fkey; Type: FK CONSTRAINT; Schema: public; Owner: postgres
--

ALTER TABLE ONLY public.prestamos
    ADD CONSTRAINT prestamos_qr_fkey FOREIGN KEY (qr) REFERENCES public.equipos(qr);


--
-- TOC entry 2961 (class 2606 OID 58009)
-- Name: registros registros_id_prestamo_fkey; Type: FK CONSTRAINT; Schema: public; Owner: postgres
--

ALTER TABLE ONLY public.registros
    ADD CONSTRAINT registros_id_prestamo_fkey FOREIGN KEY (id_prestamo) REFERENCES public.prestamos(id_prestamo);


--
-- TOC entry 2963 (class 2606 OID 58019)
-- Name: registros registros_id_proceso_fkey; Type: FK CONSTRAINT; Schema: public; Owner: postgres
--

ALTER TABLE ONLY public.registros
    ADD CONSTRAINT registros_id_proceso_fkey FOREIGN KEY (id_proceso) REFERENCES public.procesos(id_proceso);


--
-- TOC entry 2962 (class 2606 OID 58014)
-- Name: registros registros_qr_fkey; Type: FK CONSTRAINT; Schema: public; Owner: postgres
--

ALTER TABLE ONLY public.registros
    ADD CONSTRAINT registros_qr_fkey FOREIGN KEY (qr) REFERENCES public.equipos(qr);


-- Completed on 2021-06-01 22:42:53

--
-- PostgreSQL database dump complete
--

